Species,Common
Acarus siro,Mite
Acarus siro,Mite
Actinidia arguta,Hardy Kiwi
Actinidia arguta,Hardy Kiwi
Actinidia arguta,Hardy Kiwi
Actinidia chinensis,Kiwi
Actinidia chinensis,Kiwi
Actinidia chinensis,Kiwi
Actinidia chinensis,Kiwi
Actinidia chinensis,Kiwi
Actinidia chinensis,Kiwi
Actinidia chinensis,Kiwi
Actinidia chinensis,Kiwi
Actinidia deliciosa,Kiwi
Actinidia deliciosa,Kiwi
Actinidia deliciosa,Kiwi
Actinidia deliciosa,Kiwi
Actinidia deliciosa,Kiwi
Actinidia deliciosa,Kiwi
Actinidia deliciosa,Kiwi
Actinidia deliciosa,Kiwi
Actinidia deliciosa,Kiwi
Actinidia deliciosa,Kiwi
Actinidia deliciosa,Kiwi
Actinidia deliciosa,Kiwi
Actinidia deliciosa,Kiwi
Actinidia deliciosa,Kiwi
Actinidia deliciosa,Kiwi
Actinidia deliciosa,Kiwi
Actinidia deliciosa,Kiwi
Actinidia eriantha,Climber (plant)
Actinidia eriantha,Climber (plant)
Actinidia eriantha,Climber (plant)
Aedes aegypti,Yellow fever mosquito
Aedes aegypti,Yellow fever mosquito
Aedes aegypti,Yellow fever mosquito
Aedes aegypti,Yellow fever mosquito
Aedes aegypti,Yellow fever mosquito
Aedes aegypti,Yellow fever mosquito
Aedes aegypti,Yellow fever mosquito
Aedes aegypti,Yellow fever mosquito
Aedes aegypti,Yellow fever mosquito
Aedes aegypti,Yellow fever mosquito
Aedes aegypti,Yellow fever mosquito
Aedes aegypti,Yellow fever mosquito
Aedes albopictus,Asian tiger mosquito
Aedes albopictus,Asian tiger mosquito
Agrostis alba,Bent grass
Agrostis alba,Bent grass
Agrostis alba,Bent grass
Alnus glutinosa,Alder
Alnus glutinosa,Alder
Alternaria alternata,Fungus
Alternaria alternata,Fungus
Alternaria alternata,Fungus
Alternaria alternata,Fungus
Alternaria alternata,Fungus
Alternaria alternata,Fungus
Alternaria alternata,Fungus
Alternaria alternata,Fungus
Alternaria alternata,Fungus
Alternaria alternata,Fungus
Alternaria alternata,Fungus
Alternaria alternata,Fungus
Alternaria alternata,Fungus
Alternaria alternata,Fungus
Alternaria alternata,Fungus
Alternaria alternata,Fungus
Alternaria alternata,Fungus
Alternaria alternata,Fungus
Alternaria alternata,Fungus
Alternaria alternata,Fungus
Alternaria alternata,Fungus
Amaranthus retroflexus,Common Amaranth
Amaranthus retroflexus,Common Amaranth
Ambrosia artemisiifolia,Short ragweed
Ambrosia artemisiifolia,Short ragweed
Ambrosia artemisiifolia,Short ragweed
Ambrosia artemisiifolia,Short ragweed
Ambrosia artemisiifolia,Short ragweed
Ambrosia artemisiifolia,Short ragweed
Ambrosia artemisiifolia,Short ragweed
Ambrosia artemisiifolia,Short ragweed
Ambrosia artemisiifolia,Short ragweed
Ambrosia artemisiifolia,Short ragweed
Ambrosia artemisiifolia,Short ragweed
Ambrosia artemisiifolia,Short ragweed
Ambrosia artemisiifolia,Short ragweed
Ambrosia artemisiifolia,Short ragweed
Ambrosia artemisiifolia,Short ragweed
Ambrosia artemisiifolia,Short ragweed
Ambrosia artemisiifolia,Short ragweed
Ambrosia artemisiifolia,Short ragweed
Ambrosia artemisiifolia,Short ragweed
Ambrosia artemisiifolia,Short ragweed
Ambrosia artemisiifolia,Short ragweed
Ambrosia artemisiifolia,Short ragweed
Ambrosia artemisiifolia,Short ragweed
Ambrosia artemisiifolia,Short ragweed
Ambrosia artemisiifolia,Short ragweed
Ambrosia artemisiifolia,Short ragweed
Ambrosia artemisiifolia,Short ragweed
Ambrosia artemisiifolia,Short ragweed
Ambrosia artemisiifolia,Short ragweed
Ambrosia artemisiifolia,Short ragweed
Ambrosia artemisiifolia,Short ragweed
Ambrosia artemisiifolia,Short ragweed
Ambrosia artemisiifolia,Short ragweed
Ambrosia artemisiifolia,Short ragweed
Ambrosia artemisiifolia,Short ragweed
Ambrosia artemisiifolia,Short ragweed
Ambrosia artemisiifolia,Short ragweed
Ambrosia artemisiifolia (elatior),Short ragweed
Ambrosia artemisiifolia (elatior),Short ragweed
Ambrosia psilostachya,Western ragweed
Ambrosia psilostachya,Western ragweed
Ambrosia psilostachya,Western ragweed
Ambrosia psilostachya,Western ragweed
Ambrosia psilostachya,Western ragweed
Ambrosia trifida,Giant ragweed
Ambrosia trifida,Giant ragweed
Ambrosia trifida,Giant ragweed
Amphioctopus fangsiao,Octopus
Anacardium occidentale,Cashew
Anacardium occidentale,Cashew
Anacardium occidentale,Cashew
Anacardium occidentale,Cashew
Ananas comosus,Pineapple
Ananas comosus,Pineapple
Anisakis pegreffii,Parasitic fish worm
Anisakis pegreffii,Parasitic fish worm
Anisakis pegreffii,Parasitic fish worm
Anisakis pegreffii,Parasitic fish worm
Anisakis pegreffii,Parasitic fish worm
Anisakis simplex,Parasitic fish worm
Anisakis simplex,Parasitic fish worm
Anisakis simplex,Parasitic fish worm
Anisakis simplex,Parasitic fish worm
Anisakis simplex,Parasitic fish worm
Anisakis simplex,Parasitic fish worm
Anisakis simplex,Parasitic fish worm
Anisakis simplex,Parasitic fish worm
Anisakis simplex,Parasitic fish worm
Anisakis simplex,Parasitic fish worm
Anisakis simplex,Parasitic fish worm
Anisakis simplex,Parasitic fish worm
Anisakis simplex,Parasitic fish worm
Anisakis simplex,Parasitic fish worm
Anisakis simplex,Parasitic fish worm
Anisakis simplex,Parasitic fish worm
Anisakis simplex,Parasitic fish worm
Anisakis simplex,Parasitic fish worm
Anisakis simplex,Parasitic fish worm
Anisakis simplex,Parasitic fish worm
Anisakis simplex,Parasitic fish worm
Anisakis simplex,Parasitic fish worm
Anisakis simplex,Parasitic fish worm
Anisakis simplex,Parasitic fish worm
Anisakis simplex,Parasitic fish worm
Anisakis simplex,Parasitic fish worm
Anisakis simplex,Parasitic fish worm
Anisakis simplex,Parasitic fish worm
Anisakis simplex,Parasitic fish worm
Anisakis simplex,Parasitic fish worm
Anisakis simplex,Parasitic fish worm
Anisakis simplex,Parasitic fish worm
Anisakis simplex,Parasitic fish worm
Anthoxanthum odoratum,Sweet vernal grass
Anthoxanthum odoratum,Sweet vernal grass
Anthoxanthum odoratum,Sweet vernal grass
Apis cerana,Indian honeybee
Apis cerana cerana,Indian honeybee
Apis dorsata,Giant honeybee
Apis dorsata,Giant honeybee
Apis mellifera,Honeybee
Apis mellifera,Honeybee
Apis mellifera,Honeybee
Apis mellifera,Honeybee
Apis mellifera,Honeybee
Apis mellifera,Honeybee
Apis mellifera,Honeybee
Apis mellifera,Honeybee
Apis mellifera,Honeybee
Apis mellifera,Honeybee
Apis mellifera,Honeybee
Apis mellifera,Honeybee
Apis mellifera,Honeybee
Apis mellifera,Honeybee
Apis mellifera carnica,Honeybee
Apis mellifera carnica,Honeybee
Apis mellifera carnica,Honeybee
Apis mellifera carnica,Honeybee
Apium graveolens,Celery
Apium graveolens,Celery
Apium graveolens,Celery
Apium graveolens,Celery
Apium graveolens,Celery
Apium graveolens,Celery
Apium graveolens Rapaceum Group,Celery
Arachis hypogaea,Peanut
Arachis hypogaea,Peanut
Arachis hypogaea,Peanut
Arachis hypogaea,Peanut
Arachis hypogaea,Peanut
Arachis hypogaea,Peanut
Arachis hypogaea,Peanut
Arachis hypogaea,Peanut
Arachis hypogaea,Peanut
Arachis hypogaea,Peanut
Arachis hypogaea,Peanut
Arachis hypogaea,Peanut
Arachis hypogaea,Peanut
Arachis hypogaea,Peanut
Arachis hypogaea,Peanut
Arachis hypogaea,Peanut
Arachis hypogaea,Peanut
Arachis hypogaea,Peanut
Arachis hypogaea,Peanut
Arachis hypogaea,Peanut
Arachis hypogaea,Peanut
Arachis hypogaea,Peanut
Arachis hypogaea,Peanut
Arachis hypogaea,Peanut
Arachis hypogaea,Peanut
Arachis hypogaea,Peanut
Arachis hypogaea,Peanut
Arachis hypogaea,Peanut
Arachis hypogaea,Peanut
Arachis hypogaea,Peanut
Arachis hypogaea,Peanut
Arachis hypogaea,Peanut
Arachis hypogaea,Peanut
Arachis hypogaea,Peanut
Arachis hypogaea,Peanut
Arachis hypogaea,Peanut
Arachis hypogaea,Peanut
Arachis hypogaea,Peanut
Arachis hypogaea,Peanut
Arachis hypogaea,Peanut
Arachis hypogaea,Peanut
Arachis hypogaea,Peanut
Arachis hypogaea,Peanut
Argas reflexus,European pigeon tick
Argas reflexus,European pigeon tick
Artemisia absinthium,
Artemisia annua,
Artemisia annua,
Artemisia annua,
Artemisia annua,
Artemisia argyi,
Artemisia capillaris,
Artemisia capillaris,
Artemisia capillaris,
Artemisia desertorum,
Artemisia gmelinii,
Artemisia gmelinii,
Artemisia gmelinii,
Artemisia gmelinii,
Artemisia lavandulifolia,
Artemisia lavandulifolia,
Artemisia lavandulifolia,
Artemisia lavandulifolia,
Artemisia ludoviciana,
Artemisia sieversiana,
Artemisia sieversiana,
Artemisia sieversiana,
Artemisia sieversiana,
Artemisia sieversiana,
Artemisia sieversiana,
Artemisia sieversiana,
Artemisia sieversiana,
Artemisia tridentata,
Artemisia vulgaris,Mugwort
Artemisia vulgaris,Mugwort
Artemisia vulgaris,Mugwort
Artemisia vulgaris,Mugwort
Artemisia vulgaris,Mugwort
Artemisia vulgaris,Mugwort
Artemisia vulgaris,Mugwort
Artemisia vulgaris,Mugwort
Artemisia vulgaris,Mugwort
Artemisia vulgaris,Mugwort
Artemisia vulgaris,Mugwort
Artemisia vulgaris,Mugwort
Artemisia vulgaris,Mugwort
Artemisia vulgaris,Mugwort
Artemisia vulgaris,Mugwort
Artemisia vulgaris,Mugwort
Arthroderma benhamiae,Fungus
Arthroderma benhamiae,Fungus
Arthroderma benhamiae,Fungus
Arthroderma vanbreuseghemii,Fungus
Ascaris lumbricoides,Parasitic roundworm
Ascaris lumbricoides,Parasitic roundworm
Ascaris lumbricoides,Parasitic roundworm
Ascaris lumbricoides,Parasitic roundworm
Ascaris lumbricoides,Parasitic roundworm
Ascaris lumbricoides,Parasitic roundworm
Ascaris lumbricoides,Parasitic roundworm
Ascaris lumbricoides,Parasitic roundworm
Ascaris lumbricoides,Parasitic roundworm
Ascaris lumbricoides,Parasitic roundworm
Ascaris lumbricoides,Parasitic roundworm
Ascaris suum,Parasitic roundworm
Ascaris suum,Parasitic roundworm
Ascaris suum,Parasitic roundworm
Ascaris suum,Parasitic roundworm
Aspergillus flavus,Fungus
Aspergillus fumigatus,Fungus
Aspergillus fumigatus,Fungus
Aspergillus fumigatus,Fungus
Aspergillus fumigatus,Fungus
Aspergillus fumigatus,Fungus
Aspergillus fumigatus,Fungus
Aspergillus fumigatus,Fungus
Aspergillus fumigatus,Fungus
Aspergillus fumigatus,Fungus
Aspergillus fumigatus,Fungus
Aspergillus fumigatus,Fungus
Aspergillus fumigatus,Fungus
Aspergillus fumigatus,Fungus
Aspergillus fumigatus,Fungus
Aspergillus fumigatus,Fungus
Aspergillus fumigatus,Fungus
Aspergillus fumigatus,Fungus
Aspergillus fumigatus,Fungus
Aspergillus fumigatus,Fungus
Aspergillus fumigatus,Fungus
Aspergillus fumigatus,Fungus
Aspergillus fumigatus,Fungus
Aspergillus fumigatus,Fungus
Aspergillus fumigatus,Fungus
Aspergillus fumigatus,Fungus
Aspergillus fumigatus,Fungus
Aspergillus fumigatus,Fungus
Aspergillus fumigatus,Fungus
Aspergillus fumigatus,Fungus
Aspergillus fumigatus,Fungus
Aspergillus fumigatus Af293,Fungus
Aspergillus fumigatus Af293,Fungus
Aspergillus fumigatus var. RP-2014,Fungus
Aspergillus fumigatus var. RP-2014,Fungus
Aspergillus niger,Fungus
Aspergillus niger,Fungus
Aspergillus niger,Fungus
Aspergillus oryzae,Fungus
Aspergillus oryzae,Fungus
Aspergillus oryzae,Fungus
Aspergillus versicolor,Fungus
Bacillus lentus,Bacteria
Bacillus licheniformis,Bacteria
Bacillus licheniformis,Bacteria
Bacillus sp.,Bacteria
Bacillus subtilis,
Balanus rostratus,Crustacean
Bassia scoparia,summer cypress
Bassia scoparia,summer cypress
Batillus cornutus,Japanese turban shell
Bertholletia excelsa,Brazil nut
Bertholletia excelsa,Brazil nut
Bertholletia excelsa,Brazil nut
Betula pendula,European white birch
Betula pendula,European white birch
Betula pendula,European white birch
Betula pendula,European white birch
Betula pendula,European white birch
Betula pendula,European white birch
Betula pendula,European white birch
Betula pendula,European white birch
Betula pendula,European white birch
Betula pendula,European white birch
Betula pendula,European white birch
Betula pendula,European white birch
Betula pendula,European white birch
Betula pendula,European white birch
Betula pendula,European white birch
Betula pendula,European white birch
Betula pendula,European white birch
Betula pendula,European white birch
Betula pendula,European white birch
Betula pendula,European white birch
Betula pendula,European white birch
Betula pendula,European white birch
Betula pendula,European white birch
Betula pendula,European white birch
Betula pendula,European white birch
Betula pendula,European white birch
Betula pendula,European white birch
Betula pendula,European white birch
Betula pendula,European white birch
Betula pendula,European white birch
Betula pendula,European white birch
Betula pendula,European white birch
Betula pendula,European white birch
Betula pendula,European white birch
Betula pendula,European white birch
Betula pendula,European white birch
Betula pendula,European white birch
Betula pendula,European white birch
Betula pendula,European white birch
Betula pendula,European white birch
Betula pendula,European white birch
Betula pendula,European white birch
Betula pendula,European white birch
Betula pendula,European white birch
Betula pendula,European white birch
Betula pendula,European white birch
Betula pendula,European white birch
Betula pendula,European white birch
Betula pendula,European white birch
Betula pendula,European white birch
Betula pendula,European white birch
Betula pendula,European white birch
Betula pendula,European white birch
Betula pendula,European white birch
Betula pendula,European white birch
Betula pendula,European white birch
Betula pendula,European white birch
Betula pendula,European white birch
Betula pendula,European white birch
Betula pendula,European white birch
Betula pendula,European white birch
Betula pendula,European white birch
Betula pendula,European white birch
Betula pendula,European white birch
Betula pendula,European white birch
Betula pendula,European white birch
Betula pendula,European white birch
Betula pendula,European white birch
Betula pendula,European white birch
Betula pendula,European white birch
Betula pendula,European white birch
Betula pendula,European white birch
Betula pendula,European white birch
Betula pendula,European white birch
Betula pendula,European white birch
Betula pendula,European white birch
Betula pendula,European white birch
Betula platyphylla,Japanese white birch
Betula platyphylla,Japanese white birch
Betula platyphylla,Japanese white birch
Betula sp.,Birch
Betula sp.,Birch
Blattella germanica,German cockroach
Blattella germanica,German cockroach
Blattella germanica,German cockroach
Blattella germanica,German cockroach
Blattella germanica,German cockroach
Blattella germanica,German cockroach
Blattella germanica,German cockroach
Blattella germanica,German cockroach
Blattella germanica,German cockroach
Blattella germanica,German cockroach
Blattella germanica,German cockroach
Blattella germanica,German cockroach
Blattella germanica,German cockroach
Blattella germanica,German cockroach
Blattella germanica,German cockroach
Blattella germanica,German cockroach
Blattella germanica,German cockroach
Blattella germanica,German cockroach
Blattella germanica,German cockroach
Blattella germanica,German cockroach
Blattella germanica,German cockroach
Blattella germanica,German cockroach
Blattella germanica,German cockroach
Blattella germanica,German cockroach
Blattella germanica,German cockroach
Blattella germanica,German cockroach
Blattella germanica,German cockroach
Blomia tropicalis,Mite
Blomia tropicalis,Mite
Blomia tropicalis,Mite
Blomia tropicalis,Mite
Blomia tropicalis,Mite
Blomia tropicalis,Mite
Blomia tropicalis,Mite
Blomia tropicalis,Mite
Blomia tropicalis,Mite
Blomia tropicalis,Mite
Blomia tropicalis,Mite
Blomia tropicalis,Mite
Blomia tropicalis,Mite
Blomia tropicalis,Mite
Blomia tropicalis,Mite
Blomia tropicalis,Mite
Blomia tropicalis,Mite
Blomia tropicalis,Mite
Blomia tropicalis,Mite
Blomia tropicalis,Mite
Blomia tropicalis,Mite
Blomia tropicalis,Mite
Blomia tropicalis,Mite
Blomia tropicalis,Mite
Blomia tropicalis,Mite
Blomia tropicalis,Mite
Blomia tropicalis,Mite
Blomia tropicalis,Mite
Blomia tropicalis,Mite
Blomia tropicalis,Mite
Blomia tropicalis,Mite
Blomia tropicalis,Mite
Blomia tropicalis,Mite
Blomia tropicalis,Mite
Blomia tropicalis,Mite
Blomia tropicalis,Mite
Blomia tropicalis,Mite
Blomia tropicalis,Mite
Blomia tropicalis,Mite
Bombus pennsylvanicus,Bumblebee
Bombus pennsylvanicus,Bumblebee
Bombus terrestris,Bumblebee
Bombus terrestris,Bumblebee
Bombyx mori,Silkworm
Bombyx mori,Silkworm
Bombyx mori,Silkworm
Bombyx mori,Silkworm
Bombyx mori,Silkworm
Bos grunniens mutus,Yak
Bos taurus,Bovine
Bos taurus,Bovine
Bos taurus,Bovine
Bos taurus,Bovine
Bos taurus,Bovine
Bos taurus,Bovine
Bos taurus,Bovine
Bos taurus,Bovine
Bos taurus,Bovine
Bos taurus,Bovine
Bos taurus,Bovine
Bos taurus,Bovine
Bos taurus,Bovine
Bos taurus,Bovine
Bos taurus,Bovine
Bos taurus,Bovine
Bos taurus,Bovine
Bos taurus,Bovine
Bos taurus,Bovine
Bos taurus,Bovine
Bos taurus,Bovine
Bos taurus,Bovine
Bos taurus,Bovine
Bos taurus,Bovine
Brassica juncea,Mustard
Brassica napus,Rape
Brassica napus,Rape
Brassica napus,Rape
Brassica napus,Rape
Brassica oleracea var. oleracea,Wild cabbage
Brassica rapa,Turnip
Brassica rapa,Turnip
Brassica rapa,Turnip
Brassica rapa subsp. rapa,Turnip
Brassica rapa subsp. rapa,Turnip
Candida albicans,Yeast
Candida albicans,Yeast
Candida albicans,Yeast
Canis familiaris,Dog
Canis familiaris,Dog
Canis familiaris,Dog
Canis familiaris,Dog
Canis familiaris,Dog
Canis familiaris,Dog
Canis familiaris,Dog
Canis familiaris,Dog
Canis familiaris,Dog
Canis familiaris,Dog
Canis familiaris,Dog
Canis familiaris,Dog
Canis familiaris,Dog
Cannabis sativa,Hemp
Cannabis sativa,Hemp
Cannabis sativa,Hemp
Capsicum annuum,Bell pepper
Capsicum annuum,Bell pepper
Carica papaya,Papaya
Carica papaya,Papaya
Carica papaya,Papaya
Carpinus betulus,Hornbeam
Carpinus betulus,Hornbeam
Carpinus betulus,Hornbeam
Carpinus betulus,Hornbeam
Carpinus betulus,Hornbeam
Carpinus betulus,Hornbeam
Carpinus betulus,Hornbeam
Carpinus betulus,Hornbeam
Carpinus betulus,Hornbeam
Carpinus betulus,Hornbeam
Carpinus betulus,Hornbeam
Carpinus betulus,Hornbeam
Carpinus betulus,Hornbeam
Carpinus betulus,Hornbeam
Carpinus betulus,Hornbeam
Carpinus betulus,Hornbeam
Carpinus betulus,Hornbeam
Carpinus betulus,Hornbeam
Carpinus betulus,Hornbeam
Carpinus betulus,Hornbeam
Carya illinoinensis,Pecan
Carya illinoinensis,Pecan
Carya illinoinensis,Pecan
Carya illinoinensis,Pecan
Carya illinoinensis,Pecan
Caryota mitis,Fishtail Palm
Castanea sativa,European chestnut
Castanea sativa,European chestnut
Castanea sativa,European chestnut
Castanea sativa,European chestnut
Castanea sativa,European chestnut
Castanea sativa,European chestnut
Catharanthus roseus,Madagascar periwinkle
Cavia porcellus,Domestic guinea pig
Cavia porcellus,Domestic guinea pig
Cavia porcellus,Domestic guinea pig
Cavia porcellus,Domestic guinea pig
Chamaecyparis obtusa,Japanese cypress
Chamaecyparis obtusa,Japanese cypress
Chamaecyparis obtusa,Japanese cypress
Chamaecyparis obtusa,Japanese cypress
Charybdis feriatus,Crab
Chenopodium album,Pigweed
Chenopodium album,Pigweed
Chenopodium album,Pigweed
Chenopodium album,Pigweed
Cherax quadricarinatus,
Chionoecetes opilio,Snow Crab
Chironomus kiiensis,Midge
Chironomus thummi thummi,Midge
Chironomus thummi thummi,Midge
Chironomus thummi thummi,Midge
Chironomus thummi thummi,Midge
Chironomus thummi thummi,Midge
Chironomus thummi thummi,Midge
Chironomus thummi thummi,Midge
Chironomus thummi thummi,Midge
Chironomus thummi thummi,Midge
Chironomus thummi thummi,Midge
Chironomus thummi thummi,Midge
Chironomus thummi thummi,Midge
Chironomus thummi thummi,Midge
Chironomus thummi thummi,Midge
Chironomus thummi thummi,Midge
Chortoglyphus arcuatus,
Cicer arietinum,
Citrullus lanatus,
Citrus limon,Lemon
Citrus sinensis,Navel orange
Citrus sinensis,Navel orange
Citrus sinensis,Navel orange
Citrus sinensis,Navel orange
Citrus sinensis,Navel orange
Cladosporium cladosporioides,Fungus
Cladosporium cladosporioides,Fungus
Clupea harengus,Atlantic herring
Clupea harengus,Atlantic herring
Clupea harengus,Atlantic herring
Cochliobolus lunatus,Fungus
Cochliobolus lunatus,Fungus
Cochliobolus lunatus,Fungus
Cochliobolus lunatus,Fungus
Coffea arabica,Coffee
Coffea arabica,Coffee
Coffea arabica,Coffee
Coprinus comatus,Shaggy mane
Coptotermes formosanus,
Corylus avellana,European hazelnut
Corylus avellana,European hazelnut
Corylus avellana,European hazelnut
Corylus avellana,European hazelnut
Corylus avellana,European hazelnut
Corylus avellana,European hazelnut
Corylus avellana,European hazelnut
Corylus avellana,European hazelnut
Corylus avellana,European hazelnut
Corylus avellana,European hazelnut
Corylus avellana,European hazelnut
Corylus avellana,European hazelnut
Corylus avellana,European hazelnut
Corylus avellana,European hazelnut
Corylus avellana,European hazelnut
Corylus avellana,European hazelnut
Corylus avellana,European hazelnut
Corylus avellana,European hazelnut
Corylus avellana,European hazelnut
Corylus avellana,European hazelnut
Corylus avellana,European hazelnut
Corylus avellana,European hazelnut
Corylus avellana,European hazelnut
Corylus avellana,European hazelnut
Corylus avellana,European hazelnut
Corylus avellana,European hazelnut
Crangon crangon,Shrimp
Crangon crangon,Shrimp
Crangon crangon,Shrimp
Crangon crangon,Shrimp
Crangon crangon,Shrimp
Crangon crangon,Shrimp
Crassostrea angulata,
Crassostrea angulata,
Crassostrea gigas,American  oyster
Crassostrea gigas,American  oyster
Crassostrea virginica,Eastern oyster
Crocus sativus,Saffron crocus
Crocus sativus,Saffron crocus
Cryptomeria japonica,Japanese cedar
Cryptomeria japonica,Japanese cedar
Cryptomeria japonica,Japanese cedar
Cryptomeria japonica,Japanese cedar
Cryptomeria japonica,Japanese cedar
Cryptomeria japonica,Japanese cedar
Cryptomeria japonica,Japanese cedar
Cryptomeria japonica,Japanese cedar
Cryptomeria japonica,Japanese cedar
Cryptomeria japonica,Japanese cedar
Cryptomeria japonica,Japanese cedar
Cryptomeria japonica,Japanese cedar
Cryptomeria japonica,Japanese cedar
Cryptomeria japonica,Japanese cedar
Cryptomeria japonica,Japanese cedar
Cryptomeria japonica,Japanese cedar
Cryptomeria japonica,Japanese cedar
Cryptomeria japonica,Japanese cedar
Cryptomeria japonica,Japanese cedar
Cryptomeria japonica,Japanese cedar
Cryptomeria japonica,Japanese cedar
Cryptomeria japonica,Japanese cedar
Cryptomeria japonica,Japanese cedar
Cryptomeria japonica,Japanese cedar
Ctenopharyngodon idella,
Cucumis melo,Muskmelon
Cucumis melo,Muskmelon
Cucumis melo,Muskmelon
Cucumis melo,Muskmelon
Cucumis melo var. inodorus,Muskmelon
Cucumis melo var. reticulatus,Netted muskmelon
Cucurbita maxima,
Cucurbita maxima,
Culicoides nubeculosus,Farmyyard midge
Culicoides nubeculosus,Farmyyard midge
Cupressus arizonica,Arizona Cypress
Cupressus arizonica,Arizona Cypress
Cupressus arizonica,Arizona Cypress
Cupressus arizonica,Arizona Cypress
Cupressus arizonica,Arizona Cypress
Cupressus sempervirens,Mediterranean Cypress
Cupressus sempervirens,Mediterranean Cypress
Cupressus sempervirens,Mediterranean Cypress
Cupressus sempervirens,Mediterranean Cypress
Cupressus sempervirens,Mediterranean Cypress
Cupressus sempervirens,Mediterranean Cypress
Cupressus sempervirens,Mediterranean Cypress
Cupressus sempervirens,Mediterranean Cypress
Cupressus sempervirens,Mediterranean Cypress
Cynodon dactylon,Bermuda grass
Cynodon dactylon,Bermuda grass
Cynodon dactylon,Bermuda grass
Cynodon dactylon,Bermuda grass
Cynodon dactylon,Bermuda grass
Cynodon dactylon,Bermuda grass
Cynodon dactylon,Bermuda grass
Cynodon dactylon,Bermuda grass
Cynodon dactylon,Bermuda grass
Cynodon dactylon,Bermuda grass
Cynodon dactylon,Bermuda grass
Cynodon dactylon,Bermuda grass
Cynodon dactylon,Bermuda grass
Cynodon dactylon,Bermuda grass
Cyprinus carpio,Carp
Cyprinus carpio,Carp
Dactylis glomerata,Orchard grass
Dactylis glomerata,Orchard grass
Dactylis glomerata,Orchard grass,,,,,,
Dactylis glomerata,Orchard grass,,,,,,
Dactylis glomerata,Orchard grass,,,,,,
Dactylis glomerata,Orchard grass,,,,,,
Dactylis glomerata,Orchard grass,,,,,,
Dactylis glomerata,Orchard grass,,,,,,
Daucus carota,Carrot,,,,,,
Daucus carota,Carrot,,,,,,
Daucus carota,Carrot,,,,,,
Daucus carota,Carrot,,,,,,
Daucus carota,Carrot,,,,,,
Daucus carota,Carrot,,,,,,
Daucus carota,Carrot,,,,,,
Daucus carota,Carrot,,,,,,
Daucus carota,Carrot,,,,,,
Daucus carota,Carrot,,,,,,
Daucus carota,Carrot,,,,,,
Daucus carota,Carrot,,,,,,
Daucus carota,Carrot,,,,,,
Daucus carota,Carrot,,,,,,
Daucus carota,Carrot,,,,,,
Daucus carota,Carrot,,,,,,
Daucus carota,Carrot,,,,,,
Daucus carota,Carrot,,,,,,
Davidiella tassiana,Fungus,,,,,,
Davidiella tassiana,Fungus,,,,,,
Davidiella tassiana,Fungus,,,,,,
Davidiella tassiana,Fungus,,,,,,
Davidiella tassiana,Fungus,,,,,,
Davidiella tassiana,Fungus,,,,,,
Davidiella tassiana,Fungus,,,,,,
Davidiella tassiana,Fungus,,,,,,
Davidiella tassiana,Fungus,,,,,,
Davidiella tassiana,Fungus,,,,,,
Davidiella tassiana,Fungus,,,,,,
Davidiella tassiana,Fungus,,,,,,
Dermatophagoides farinae,House dust mite,,,,,,
Dermatophagoides farinae,House dust mite,,,,,,
Dermatophagoides farinae,House dust mite,,,,,,
Dermatophagoides farinae,House dust mite,,,,,,
Dermatophagoides farinae,House dust mite,,,,,,
Dermatophagoides farinae,House dust mite,,,,,,
Dermatophagoides farinae,House dust mite,,,,,,
Dermatophagoides farinae,House dust mite,,,,,,
Dermatophagoides farinae,House dust mite,,,,,,
Dermatophagoides farinae,House dust mite,,,,,,
Dermatophagoides farinae,House dust mite,,,,,,
Dermatophagoides farinae,House dust mite,,,,,,
Dermatophagoides farinae,House dust mite,,,,,,
Dermatophagoides farinae,House dust mite,,,,,,
Dermatophagoides farinae,House dust mite,,,,,,
Dermatophagoides farinae,House dust mite,,,,,,
Dermatophagoides farinae,House dust mite,,,,,,
Dermatophagoides farinae,House dust mite,,,,,,
Dermatophagoides farinae,House dust mite,,,,,,
Dermatophagoides farinae,House dust mite,,,,,,
Dermatophagoides farinae,House dust mite,,,,,,
Dermatophagoides farinae,House dust mite,,,,,,
Dermatophagoides farinae,House dust mite,,,,,,
Dermatophagoides farinae,House dust mite,,,,,,
Dermatophagoides farinae,House dust mite,,,,,,
Dermatophagoides farinae,House dust mite,,,,,,
Dermatophagoides farinae,House dust mite,,,,,,
Dermatophagoides farinae,House dust mite,,,,,,
Dermatophagoides farinae,House dust mite,,,,,,
Dermatophagoides farinae,House dust mite,,,,,,
Dermatophagoides farinae,House dust mite,,,,,,
Dermatophagoides farinae,House dust mite,,,,,,
Dermatophagoides farinae,House dust mite,,,,,,
Dermatophagoides farinae,House dust mite,,,,,,
Dermatophagoides farinae,House dust mite,,,,,,
Dermatophagoides farinae,House dust mite,,,,,,
Dermatophagoides farinae,House dust mite,,,,,,
Dermatophagoides farinae,House dust mite,,,,,,
Dermatophagoides farinae,House dust mite,,,,,,
Dermatophagoides farinae,House dust mite,,,,,,
Dermatophagoides farinae,House dust mite,,,,,,
Dermatophagoides farinae,House dust mite,,,,,,
Dermatophagoides farinae,House dust mite,,,,,,
Dermatophagoides farinae,House dust mite,,,,,,
Dermatophagoides farinae,House dust mite,,,,,,
Dermatophagoides farinae,House dust mite,,,,,,
Dermatophagoides farinae,House dust mite,,,,,,
Dermatophagoides farinae,House dust mite,,,,,,
Dermatophagoides farinae,House dust mite,,,,,,
Dermatophagoides farinae,House dust mite,,,,,,
Dermatophagoides farinae,House dust mite,,,,,,
Dermatophagoides farinae,House dust mite,,,,,,
Dermatophagoides farinae,House dust mite,,,,,,
Dermatophagoides farinae,House dust mite,,,,,,
Dermatophagoides farinae,House dust mite,,,,,,
Dermatophagoides farinae,House dust mite,,,,,,
Dermatophagoides farinae,House dust mite,,,,,,
Dermatophagoides farinae,House dust mite,,,,,,
Dermatophagoides farinae,House dust mite,,,,,,
Dermatophagoides farinae,House dust mite,,,,,,
Dermatophagoides farinae,House dust mite,,,,,,
Dermatophagoides farinae,House dust mite,,,,,,
Dermatophagoides farinae,House dust mite,,,,,,
Dermatophagoides farinae,House dust mite,,,,,,
Dermatophagoides farinae,House dust mite,,,,,,
Dermatophagoides farinae,House dust mite,,,,,,
Dermatophagoides farinae,House dust mite,,,,,,
Dermatophagoides farinae,House dust mite,,,,,,
Dermatophagoides farinae,House dust mite,,,,,,
Dermatophagoides farinae,House dust mite,,,,,,
Dermatophagoides farinae,House dust mite,,,,,,
Dermatophagoides farinae,House dust mite,,,,,,
Dermatophagoides farinae,House dust mite,,,,,,
Dermatophagoides farinae,House dust mite,,,,,,
Dermatophagoides farinae,House dust mite,,,,,,
Dermatophagoides farinae,House dust mite,,,,,,
Dermatophagoides farinae,House dust mite,,,,,,
Dermatophagoides farinae,House dust mite,,,,,,
Dermatophagoides farinae,House dust mite,,,,,,
Dermatophagoides farinae,House dust mite,,,,,,
Dermatophagoides farinae,House dust mite,,,,,,
Dermatophagoides farinae,House dust mite,,,,,,
Dermatophagoides farinae,House dust mite,,,,,,
Dermatophagoides farinae,House dust mite,,,,,,
Dermatophagoides farinae,House dust mite,,,,,,
Dermatophagoides farinae,House dust mite,,,,,,
Dermatophagoides farinae,House dust mite,,,,,,
Dermatophagoides farinae,House dust mite,,,,,,
Dermatophagoides farinae,House dust mite,,,,,,
Dermatophagoides farinae,House dust mite,,,,,,
Dermatophagoides farinae,House dust mite,,,,,,
Dermatophagoides microceras,House dust mite,,,,,,
Dermatophagoides microceras,House dust mite,,,,,,
Dermatophagoides pteronyssinus,House dust mite,,,,,,
Dermatophagoides pteronyssinus,House dust mite,,,,,,
Dermatophagoides pteronyssinus,House dust mite,,,,,,
Dermatophagoides pteronyssinus,House dust mite,,,,,,
Dermatophagoides pteronyssinus,House dust mite,,,,,,
Dermatophagoides pteronyssinus,House dust mite,,,,,,
Dermatophagoides pteronyssinus,House dust mite,,,,,,
Dermatophagoides pteronyssinus,House dust mite,,,,,,
Dermatophagoides pteronyssinus,House dust mite,,,,,,
Dermatophagoides pteronyssinus,House dust mite,,,,,,
Dermatophagoides pteronyssinus,House dust mite,,,,,,
Dermatophagoides pteronyssinus,House dust mite,,,,,,
Dermatophagoides pteronyssinus,House dust mite,,,,,,
Dermatophagoides pteronyssinus,House dust mite,,,,,,
Dermatophagoides pteronyssinus,House dust mite,,,,,,
Dermatophagoides pteronyssinus,House dust mite,,,,,,
Dermatophagoides pteronyssinus,House dust mite,,,,,,
Dermatophagoides pteronyssinus,House dust mite,,,,,,
Dermatophagoides pteronyssinus,House dust mite,,,,,,
Dermatophagoides pteronyssinus,House dust mite,,,,,,
Dermatophagoides pteronyssinus,House dust mite,,,,,,
Dermatophagoides pteronyssinus,House dust mite,,,,,,
Dermatophagoides pteronyssinus,House dust mite,,,,,,
Dermatophagoides pteronyssinus,House dust mite,,,,,,
Dermatophagoides pteronyssinus,House dust mite,,,,,,
Dermatophagoides pteronyssinus,House dust mite,,,,,,
Dermatophagoides pteronyssinus,House dust mite,,,,,,
Dermatophagoides pteronyssinus,House dust mite,,,,,,
Dermatophagoides pteronyssinus,House dust mite,,,,,,
Dermatophagoides pteronyssinus,House dust mite,,,,,,
Dermatophagoides pteronyssinus,House dust mite,,,,,,
Dermatophagoides pteronyssinus,House dust mite,,,,,,
Dermatophagoides pteronyssinus,House dust mite,,,,,,
Dermatophagoides pteronyssinus,House dust mite,,,,,,
Dermatophagoides pteronyssinus,House dust mite,,,,,,
Dermatophagoides pteronyssinus,House dust mite,,,,,,
Dermatophagoides pteronyssinus,House dust mite,,,,,,
Dermatophagoides pteronyssinus,House dust mite,,,,,,
Dermatophagoides pteronyssinus,House dust mite,,,,,,
Dermatophagoides pteronyssinus,House dust mite,,,,,,
Dermatophagoides pteronyssinus,House dust mite,,,,,,
Dermatophagoides pteronyssinus,House dust mite,,,,,,
Dermatophagoides pteronyssinus,House dust mite,,,,,,
Dermatophagoides pteronyssinus,House dust mite,,,,,,
Dermatophagoides pteronyssinus,House dust mite,,,,,,
Dermatophagoides pteronyssinus,House dust mite,,,,,,
Dermatophagoides pteronyssinus,House dust mite,,,,,,
Dermatophagoides pteronyssinus,House dust mite,,,,,,
Dermatophagoides pteronyssinus,House dust mite,,,,,,
Dermatophagoides pteronyssinus,House dust mite,,,,,,
Dermatophagoides pteronyssinus,House dust mite,,,,,,
Dermatophagoides pteronyssinus,House dust mite,,,,,,
Dermatophagoides pteronyssinus,House dust mite,,,,,,
Dermatophagoides pteronyssinus,House dust mite,,,,,,
Dermatophagoides pteronyssinus,House dust mite,,,,,,
Dermatophagoides pteronyssinus,House dust mite,,,,,,
Dermatophagoides pteronyssinus,House dust mite,,,,,,
Dermatophagoides pteronyssinus,House dust mite,,,,,,
Dermatophagoides pteronyssinus,House dust mite,,,,,,
Dermatophagoides pteronyssinus,House dust mite,,,,,,
Dermatophagoides pteronyssinus,House dust mite,,,,,,
Dermatophagoides pteronyssinus,House dust mite,,,,,,
Dermatophagoides pteronyssinus,House dust mite,,,,,,
Dermatophagoides pteronyssinus,House dust mite,,,,,,
Dermatophagoides pteronyssinus,House dust mite,,,,,,
Dermatophagoides pteronyssinus,House dust mite,,,,,,
Dermatophagoides pteronyssinus,House dust mite,,,,,,
Dermatophagoides pteronyssinus,House dust mite,,,,,,
Dermatophagoides pteronyssinus,House dust mite,,,,,,
Dermatophagoides pteronyssinus,House dust mite,,,,,,
Dermatophagoides pteronyssinus,House dust mite,,,,,,
Dermatophagoides pteronyssinus,House dust mite,,,,,,
Dermatophagoides pteronyssinus,House dust mite,,,,,,
Dermatophagoides pteronyssinus,House dust mite,,,,,,
Dermatophagoides pteronyssinus,House dust mite,,,,,,
Dermatophagoides pteronyssinus,House dust mite,,,,,,
Dermatophagoides pteronyssinus,House dust mite,,,,,,
Dermatophagoides pteronyssinus,House dust mite,,,,,,
Dermatophagoides pteronyssinus,House dust mite,,,,,,
Dermatophagoides pteronyssinus,House dust mite,,,,,,
Dermatophagoides pteronyssinus,House dust mite,,,,,,
Dermatophagoides siboney,House dust mite,,,,,,
Dolichovespula arenaria,Yellow jacket,,,,,,
Dolichovespula maculata,Whiteface hornet,,,,,,
Dolichovespula maculata,Whiteface hornet,,,,,,
Dolichovespula maculata,Whiteface hornet,,,,,,
Dolichovespula maculata,Whiteface hornet,,,,,,
Dolichovespula maculata,Whiteface hornet,,,,,,
Epicoccum nigrum,Fungus,,,,,,
Equus asinus,,,,,,,
Equus caballus,Horse,,,,,,
Equus caballus,Horse,,,,,,
Equus caballus,Horse,,,,,,
Equus caballus,Horse,,,,,,
Equus caballus,Horse,,,,,,
Equus caballus,Horse,,,,,,
Equus caballus,Horse,,,,,,
Erimacrus isenbeckii,Horsehair crab,,,,,,
Erimacrus isenbeckii,Horsehair crab,,,,,,
Eriocheir sinensis,Chinese mitten crab,,,,,,
Eriocheir sinensis,Chinese mitten crab,,,,,,
Euphausia pacifica,North Pacific Krill,,,,,,
Euphausia superba,Krill,,,,,,
Euroglyphus maynei,House dust mite,,,,,,
Euroglyphus maynei,House dust mite,,,,,,
Euroglyphus maynei,House dust mite,,,,,,
Euroglyphus maynei,House dust mite,,,,,,
Evynnis japonica,Crimson seabream,,,,,,
Evynnis japonica,Crimson seabream,,,,,,
Fagopyrum esculentum,Buckwheat,,,,,,
Fagopyrum esculentum,Buckwheat,,,,,,
Fagopyrum esculentum,Buckwheat,,,,,,
Fagopyrum esculentum,Buckwheat,,,,,,
Fagopyrum esculentum,Buckwheat,,,,,,
Fagopyrum esculentum,Buckwheat,,,,,,
Fagopyrum esculentum,Buckwheat,,,,,,
Fagopyrum esculentum,Buckwheat,,,,,,
Fagopyrum esculentum,Buckwheat,,,,,,
Fagopyrum esculentum,Buckwheat,,,,,,
Fagopyrum tataricum,Buckwheat,,,,,,
Fagopyrum tataricum,Buckwheat,,,,,,
Fagopyrum tataricum,Buckwheat,,,,,,
Fagopyrum tataricum,Buckwheat,,,,,,
Fagus sylvatica,European Beech,,,,,,
Fagus sylvatica,European Beech,,,,,,
Fagus sylvatica,European Beech,,,,,,
Farfantepenaeus aztecus,Brown shrimp,,,,,,
Felis catus,Cat,,,,,,
Felis catus,Cat,,,,,,
Felis catus,Cat,,,,,,
Felis catus,Cat,,,,,,
Felis catus,Cat,,,,,,
Felis catus,Cat,,,,,,
Felis catus,Cat,,,,,,
Felis catus,Cat,,,,,,
Felis catus,Cat,,,,,,
Felis catus,Cat,,,,,,
Felis catus,Cat,,,,,,
Felis catus,Cat,,,,,,
Fenneropenaeus chinensis,Chinese white shrimp,,,,,,
Fenneropenaeus chinensis,Chinese white shrimp,,,,,,
Fenneropenaeus chinensis,Chinese white shrimp,,,,,,
Fenneropenaeus merguiensis,Banana Prawn,,,,,,
Fenneropenaeus merguiensis,Banana Prawn,,,,,,
Forcipomyia taiwana,biting midges,,,,,,
Forcipomyia taiwana,biting midges,,,,,,
Fragaria x ananassa,Strawberry,,,,,,
Fragaria x ananassa,Strawberry,,,,,,
Fragaria x ananassa,Strawberry,,,,,,
Fragaria x ananassa,Strawberry,,,,,,
Fragaria x ananassa,Strawberry,,,,,,
Fragaria x ananassa,Strawberry,,,,,,
Fragaria x ananassa,Strawberry,,,,,,
Fragaria x ananassa,Strawberry,,,,,,
Fragaria x ananassa,Strawberry,,,,,,
Fragaria x ananassa,Strawberry,,,,,,
Fragaria x ananassa,Strawberry,,,,,,
Fragaria x ananassa,Strawberry,,,,,,
Fraxinus excelsior,European ash,,,,,,
Fraxinus excelsior,European ash,,,,,,
Fraxinus excelsior,European ash,,,,,,
Fraxinus excelsior,European ash,,,,,,
Fraxinus excelsior,European ash,,,,,,
Fulvia mutica,Mollusc,,,,,,
Fusarium culmorum,Fungus,,,,,,
Fusarium culmorum,Fungus,,,,,,
Fusarium culmorum,Fungus,,,,,,
Fusarium proliferatum,Fungus,,,,,,
Fusarium proliferatum,Fungus,,,,,,
Gadus callarias,Baltic cod,,,,,,
Gadus morhua,Atlantic cod,,,,,,
Gadus morhua,Atlantic cod,,,,,,
Gadus morhua,Atlantic cod,,,,,,
Gadus morhua,Atlantic cod,,,,,,
Gadus morhua,Atlantic cod,,,,,,
Gallus gallus,chicken,,,,,,
Gallus gallus,chicken,,,,,,
Gallus gallus,chicken,,,,,,
Gallus gallus,chicken,,,,,,
Gallus gallus,chicken,,,,,,
Gallus gallus,chicken,,,,,,
Gallus gallus,chicken,,,,,,
Gallus gallus,chicken,,,,,,
Gallus gallus,chicken,,,,,,
Gallus gallus,chicken,,,,,,
Gallus gallus,chicken,,,,,,
Gallus gallus,chicken,,,,,,
Gallus gallus,chicken,,,,,,
Gallus gallus,chicken,,,,,,
Gallus gallus,chicken,,,,,,
Gallus gallus,chicken,,,,,,
Gallus gallus,chicken,,,,,,
Glossina morsitans morsitans,Tsetse fly,,,,,,
Glossina morsitans morsitans,Tsetse fly,,,,,,
Glossina morsitans morsitans,Tsetse fly,,,,,,
Glossina morsitans morsitans,Tsetse fly,,,,,,
Glycine max,Soybean,,,,,,
Glycine max,Soybean,,,,,,
Glycine max,Soybean,,,,,,
Glycine max,Soybean,,,,,,
Glycine max,Soybean,,,,,,
Glycine max,Soybean,,,,,,
Glycine max,Soybean,,,,,,
Glycine max,Soybean,,,,,,
Glycine max,Soybean,,,,,,
Glycine max,Soybean,,,,,,
Glycine max,Soybean,,,,,,
Glycine max,Soybean,,,,,,
Glycine max,Soybean,,,,,,
Glycine max,Soybean,,,,,,
Glycine max,Soybean,,,,,,
Glycine max,Soybean,,,,,,
Glycine max,Soybean,,,,,,
Glycine max,Soybean,,,,,,
Glycine max,Soybean,,,,,,
Glycine max,Soybean,,,,,,
Glycine max,Soybean,,,,,,
Glycine max,Soybean,,,,,,
Glycine max,Soybean,,,,,,
Glycine max,Soybean,,,,,,
Glycine max,Soybean,,,,,,
Glycine max,Soybean,,,,,,
Glycine max,Soybean,,,,,,
Glycine max,Soybean,,,,,,
Glycine max,Soybean,,,,,,
Glycine max,Soybean,,,,,,
Glycine max,Soybean,,,,,,
Glycine max,Soybean,,,,,,
Glycine max,Soybean,,,,,,
Glycine max,Soybean,,,,,,
Glycine max,Soybean,,,,,,
Glycine max,Soybean,,,,,,
Glycine max,Soybean,,,,,,
Glycine max,Soybean,,,,,,
Glycine max,Soybean,,,,,,
Glycine max,Soybean,,,,,,
Glycine max,Soybean,,,,,,
Glycine max,Soybean,,,,,,
Glycine max,Soybean,,,,,,
Glycine soja,Soybean,,,,,,
Glycyphagus domesticus,Storage mite,,,,,,
Glycyphagus domesticus,Storage mite,,,,,,
Glycyphagus domesticus,Storage mite,,,,,,
Haliotis discus discus,Disk abalone,,,,,,
Haliotis discus discus,Disk abalone,,,,,,
Haliotis diversicolor,Abalone,,,,,,
Haliotis laevigata x Haliotis rubra,,,,,,,
Helianthus annuus,Sunflower,,,,,,
Helianthus annuus,Sunflower,,,,,,
Helianthus annuus,Sunflower,,,,,,
Helianthus annuus,Sunflower,,,,,,
Helix aspersa,Brown garden snail,,,,,,
Hevea brasiliensis,Para rubber tree,,,,,,
Hevea brasiliensis,Para rubber tree,,,,,,
Hevea brasiliensis,Para rubber tree,,,,,,
Hevea brasiliensis,Para rubber tree,,,,,,
Hevea brasiliensis,Para rubber tree,,,,,,
Hevea brasiliensis,Para rubber tree,,,,,,
Hevea brasiliensis,Para rubber tree,,,,,,
Hevea brasiliensis,Para rubber tree,,,,,,
Hevea brasiliensis,Para rubber tree,,,,,,
Hevea brasiliensis,Para rubber tree,,,,,,
Hevea brasiliensis,Para rubber tree,,,,,,
Hevea brasiliensis,Para rubber tree,,,,,,
Hevea brasiliensis,Para rubber tree,,,,,,
Hevea brasiliensis,Para rubber tree,,,,,,
Hevea brasiliensis,Para rubber tree,,,,,,
Hevea brasiliensis,Para rubber tree,,,,,,
Hevea brasiliensis,Para rubber tree,,,,,,
Hevea brasiliensis,Para rubber tree,,,,,,
Hevea brasiliensis,Para rubber tree,,,,,,
Hevea brasiliensis,Para rubber tree,,,,,,
Hevea brasiliensis,Para rubber tree,,,,,,
Hevea brasiliensis,Para rubber tree,,,,,,
Hevea brasiliensis,Para rubber tree,,,,,,
Hevea brasiliensis,Para rubber tree,,,,,,
Hevea brasiliensis,Para rubber tree,,,,,,
Hevea brasiliensis,Para rubber tree,,,,,,
Hevea brasiliensis,Para rubber tree,,,,,,
Hevea brasiliensis,Para rubber tree,,,,,,
Hevea brasiliensis,Para rubber tree,,,,,,
Hevea brasiliensis,Para rubber tree,,,,,,
Hevea brasiliensis,Para rubber tree,,,,,,
Hevea brasiliensis,Para rubber tree,,,,,,
Hevea brasiliensis,Para rubber tree,,,,,,
Hevea brasiliensis,Para rubber tree,,,,,,
Hevea brasiliensis,Para rubber tree,,,,,,
Hevea brasiliensis,Para rubber tree,,,,,,
Hevea brasiliensis,Para rubber tree,,,,,,
Hevea brasiliensis,Para rubber tree,,,,,,
Hevea brasiliensis,Para rubber tree,,,,,,
Hevea brasiliensis,Para rubber tree,,,,,,
Hevea brasiliensis,Para rubber tree,,,,,,
Hevea brasiliensis subsp. brasiliensis,Para rubber tree,,,,,,
Holcus lanatus,Velvet grass,,,,,,
Holcus lanatus,Velvet grass,,,,,,
Holcus lanatus,Velvet grass,,,,,,
Holcus lanatus,Velvet grass,,,,,,
Holcus lanatus,Velvet grass,,,,,,
Holcus lanatus,Velvet grass,,,,,,
Holcus lanatus,Velvet grass,,,,,,
Homarus americanus,American lobster,,,,,,
Homarus americanus,American lobster,,,,,,
Hordeum vulgare,Barley,,,,,,
Hordeum vulgare,Barley,,,,,,
Hordeum vulgare,Barley,,,,,,
Hordeum vulgare,Barley,,,,,,
Hordeum vulgare,Barley,,,,,,
Hordeum vulgare,Barley,,,,,,
Hordeum vulgare subsp. vulgare,Barley,,,,,,
Hordeum vulgare subsp. vulgare,Barley,,,,,,
Hordeum vulgare subsp. vulgare,Barley,,,,,,
Hordeum vulgare subsp. vulgare,Barley,,,,,,
Hordeum vulgare subsp. vulgare,Barley,,,,,,
Humulus japonicus,Japanese hop,,,,,,
Humulus scandens,Japanese hop,,,,,,
Humulus scandens,Japanese hop,,,,,,
Juglans nigra,Black walnut,,,,,,
Juglans nigra,Black walnut,,,,,,
Juglans nigra,Black walnut,,,,,,
Juglans regia,English walnut,,,,,,
Juglans regia,English walnut,,,,,,
Juglans regia,English walnut,,,,,,
Juglans regia,English walnut,,,,,,
Juglans regia,English walnut,,,,,,
Juglans regia,English walnut,,,,,,
Juglans regia,English walnut,,,,,,
Juglans regia,English walnut,,,,,,
Juniperus ashei,Mountain cedar,,,,,,
Juniperus ashei,Mountain cedar,,,,,,
Juniperus ashei,Mountain cedar,,,,,,
Juniperus ashei,Mountain cedar,,,,,,
Juniperus chinensis,,,,,,,
Juniperus chinensis,,,,,,,
Juniperus chinensis,,,,,,,
Juniperus oxycedrus,Juniper,,,,,,
Juniperus oxycedrus,Juniper,,,,,,
Juniperus oxycedrus,Juniper,,,,,,
Juniperus rigida,Cedar,,,,,,
Juniperus rigida,Cedar,,,,,,
Juniperus virginiana,Red cedar,,,,,,
Juniperus virginiana,Red cedar,,,,,,
Juniperus virginiana,Red cedar,,,,,,
Lactuca sativa,Garden lettuce,,,,,,
Lates calcarifer,Asian Seabass,,,,,,
Lates calcarifer,Asian Seabass,,,,,,
Lates calcarifer,Asian Seabass,,,,,,
Lates calcarifer,Asian Seabass,,,,,,
Lates calcarifer,Asian Seabass,,,,,,
Lens culinaris,Lentil,,,,,,
Lens culinaris,Lentil,,,,,,
Lens culinaris,Lentil,,,,,,
Lepidoglyphus destructor,Storage mite,,,,,,
Lepidoglyphus destructor,Storage mite,,,,,,
Lepidoglyphus destructor,Storage mite,,,,,,
Lepidoglyphus destructor,Storage mite,,,,,,
Lepidoglyphus destructor,Storage mite,,,,,,
Lepidoglyphus destructor,Storage mite,,,,,,
Lepidoglyphus destructor,Storage mite,,,,,,
Lepidoglyphus destructor,Storage mite,,,,,,
Lepidoglyphus destructor,Storage mite,,,,,,
Lepidoglyphus destructor,Storage mite,,,,,,
Lepidoglyphus destructor,Storage mite,,,,,,
Lepidoglyphus destructor,Storage mite,,,,,,
Lepidoglyphus destructor,Storage mite,,,,,,
Lepidoglyphus destructor,Storage mite,,,,,,
Lepidoglyphus destructor,Storage mite,,,,,,
Lepidoglyphus destructor,Storage mite,,,,,,
Lepidoglyphus destructor,Storage mite,,,,,,
Lepidoglyphus destructor,Storage mite,,,,,,
Lepidoglyphus destructor,Storage mite,,,,,,
Lepidoglyphus destructor,Storage mite,,,,,,
Lepidoglyphus destructor,Storage mite,,,,,,
Lepidorhombus whiffiagonis,Flat fish,,,,,,
Lepisma saccharina,Silverfish,,,,,,
Lepisma saccharina,Silverfish,,,,,,
Ligustrum vulgare,Privet,,,,,,
Ligustrum vulgare,Privet,,,,,,
Lilium longiflorum,Trumpet lily,,,,,,
Linum usitatissimum,,,,,,,
Liposcelis bostrychophila,booklice,,,,,,
Liposcelis bostrychophila,booklice,,,,,,
Litchi chinensis,Lychee nut,,,,,,
Litchi chinensis,Lychee nut,,,,,,
Litopenaeus vannamei,Whiteleg Shrimp,,,,,,
Litopenaeus vannamei,Whiteleg Shrimp,,,,,,
Litopenaeus vannamei,Whiteleg Shrimp,,,,,,
Litopenaeus vannamei,Whiteleg Shrimp,,,,,,
Litopenaeus vannamei,Whiteleg Shrimp,,,,,,
Lolium perenne,Perennial ryegrass,,,,,,
Lolium perenne,Perennial ryegrass,,,,,,
Lolium perenne,Perennial ryegrass,,,,,,
Lolium perenne,Perennial ryegrass,,,,,,
Lolium perenne,Perennial ryegrass,,,,,,
Lolium perenne,Perennial ryegrass,,,,,,
Lolium perenne,Perennial ryegrass,,,,,,
Lolium perenne,Perennial ryegrass,,,,,,
Lolium perenne,Perennial ryegrass,,,,,,
Lolium perenne,Perennial ryegrass,,,,,,
Lolium perenne,Perennial ryegrass,,,,,,
Lolium perenne,Perennial ryegrass,,,,,,
Lolium perenne,Perennial ryegrass,,,,,,
Lupinus albus,white lupine,,,,,,
Lupinus albus,white lupine,,,,,,
Lupinus angustifolius,blue lupin,,,,,,
Lupinus angustifolius,blue lupin,,,,,,
Lupinus angustifolius,blue lupin,,,,,,
Lupinus angustifolius,blue lupin,,,,,,
Lupinus angustifolius,blue lupin,,,,,,
Lupinus angustifolius,blue lupin,,,,,,
Lupinus angustifolius,blue lupin,,,,,,
Lupinus angustifolius,blue lupin,,,,,,
Lupinus angustifolius,blue lupin,,,,,,
Lupinus angustifolius,blue lupin,,,,,,
Lycium barbarum,wolfberry,,,,,,
Macadamia integrifolia,,,,,,,
Macadamia integrifolia,,,,,,,
Macrobrachium lanchesteri,,,,,,,
Macrobrachium rosenbergii,Giant River Prawn,,,,,,
Macrobrachium rosenbergii,Giant River Prawn,,,,,,
Macruronus magellanicus,Patagonian Grenadier,,,,,,
Macruronus magellanicus,Patagonian Grenadier,,,,,,
Macruronus magellanicus,Patagonian Grenadier,,,,,,
Macruronus novaezelandiae,Blue hake,,,,,,
Malassezia furfur,Yeast,,,,,,
Malassezia furfur,Yeast,,,,,,
Malassezia furfur,Yeast,,,,,,
Malassezia sympodialis,Yeast,,,,,,
Malassezia sympodialis,Yeast,,,,,,
Malassezia sympodialis,Yeast,,,,,,
Malassezia sympodialis,Yeast,,,,,,
Malassezia sympodialis,Yeast,,,,,,
Malassezia sympodialis,Yeast,,,,,,
Malassezia sympodialis,Yeast,,,,,,
Malassezia sympodialis,Yeast,,,,,,
Malassezia sympodialis,Yeast,,,,,,
Malassezia sympodialis ATCC 42132,Yeast,,,,,,
Malassezia sympodialis ATCC 42132,Yeast,,,,,,
Malassezia sympodialis ATCC 42132,Yeast,,,,,,
Malassezia sympodialis ATCC 42132,Yeast,,,,,,
Malassezia sympodialis ATCC 42132,Yeast,,,,,,
Malassezia sympodialis ATCC 42132,Yeast,,,,,,
Malus x domestica,Apple,,,,,,
Malus x domestica,Apple,,,,,,
Malus x domestica,Apple,,,,,,
Malus x domestica,Apple,,,,,,
Malus x domestica,Apple,,,,,,
Malus x domestica,Apple,,,,,,
Malus x domestica,Apple,,,,,,
Malus x domestica,Apple,,,,,,
Malus x domestica,Apple,,,,,,
Malus x domestica,Apple,,,,,,
Malus x domestica,Apple,,,,,,
Malus x domestica,Apple,,,,,,
Malus x domestica,Apple,,,,,,
Malus x domestica,Apple,,,,,,
Malus x domestica,Apple,,,,,,
Malus x domestica,Apple,,,,,,
Malus x domestica,Apple,,,,,,
Malus x domestica,Apple,,,,,,
Malus x domestica,Apple,,,,,,
Malus x domestica,Apple,,,,,,
Malus x domestica,Apple,,,,,,
Malus x domestica,Apple,,,,,,
Malus x domestica,Apple,,,,,,
Malus x domestica,Apple,,,,,,
Malus x domestica,Apple,,,,,,
Malus x domestica,Apple,,,,,,
Malus x domestica,Apple,,,,,,
Malus x domestica,Apple,,,,,,
Malus x domestica,Apple,,,,,,
Malus x domestica,Apple,,,,,,
Malus x domestica,Apple,,,,,,
Malus x domestica,Apple,,,,,,
Malus x domestica,Apple,,,,,,
Malus x domestica,Apple,,,,,,
Malus x domestica,Apple,,,,,,
Malus x domestica,Apple,,,,,,
Malus x domestica,Apple,,,,,,
Malus x domestica,Apple,,,,,,
Malus x domestica,Apple,,,,,,
Malus x domestica,Apple,,,,,,
Malus x domestica,Apple,,,,,,
Malus x domestica,Apple,,,,,,
Malus x domestica,Apple,,,,,,
Malus x domestica,Apple,,,,,,
Malus x domestica,Apple,,,,,,
Malus x domestica,Apple,,,,,,
Malus x domestica,Apple,,,,,,
Malus x domestica,Apple,,,,,,
Malus x domestica,Apple,,,,,,
Malus x domestica,Apple,,,,,,
Malus x domestica,Apple,,,,,,
Malus x domestica,Apple,,,,,,
Malus x domestica,Apple,,,,,,
Malus x domestica,Apple,,,,,,
Manihot esculenta,Cassava,,,,,,
Manihot esculenta,Cassava,,,,,,
Manilkara zapota,Sapodilla plum,,,,,,
Manilkara zapota,Sapodilla plum,,,,,,
Manilkara zapota,Sapodilla plum,,,,,,
Marsupenaeus japonicus,Kuruma Shrimp,,,,,,
Melicertus latisulcatus,King Prawn,,,,,,
Mercurialis annua,Annual mercury grass,,,,,,
Merluccius australis australis,southern hake,,,,,,
Merluccius australis polylepis,Southern hake,,,,,,
Merluccius australis polylepis,Southern hake,,,,,,
Merluccius bilinearis,Silver hake,,,,,,
Merluccius bilinearis,Silver hake,,,,,,
Merluccius bilinearis,Silver hake,,,,,,
Merluccius capensis,Shallow-water cape hake,,,,,,
Merluccius gayi,Southern Pacific hake,,,,,,
Merluccius gayi,Southern Pacific hake,,,,,,
Merluccius merluccius,European hake,,,,,,
Merluccius merluccius,European hake,,,,,,
Merluccius paradoxus,Deep-water cape hake,,,,,,
Merluccius paradoxus,Deep-water cape hake,,,,,,
Merluccius paradoxus,Deep-water cape hake,,,,,,
Merluccius polli,Benguela hake,,,,,,
Merluccius polli,Benguela hake,,,,,,
Merluccius productus,North Pacific hake,,,,,,
Merluccius productus,North Pacific hake,,,,,,
Mesocricetus auratus,Golden hamster,,,,,,
Mesocricetus auratus,Golden hamster,,,,,,
Metapenaeus ensis,Greasyback shrimp,,,,,,
Mimachlamys nobilis,Noble scallop,,,,,,
Morus alba,,,,,,,
Morus alba var. atropurpurea,White Mulberry,,,,,,
Morus bombycis,Mulberry,,,,,,
Morus bombycis,Mulberry,,,,,,
Morus nigra,Black mulberry,,,,,,
Mus musculus,Mouse,,,,,,
Mus musculus,Mouse,,,,,,
Mus musculus,Mouse,,,,,,
Mus musculus domesticus,Mouse,,,,,,
Musa acuminata,Banana,,,,,,
Musa acuminata,Banana,,,,,,
Musa acuminata,Banana,,,,,,
Musa acuminata,Banana,,,,,,
Musa acuminata AAA Group,Banana,,,,,,
Mustelus griseus,,,,,,,
Mustelus griseus,,,,,,,
Myrmecia banksi,Giant Bull Ant,,,,,,
Myrmecia pilosula,Jumper ant,,,,,,
Myrmecia pilosula,Jumper ant,,,,,,
Myrmecia pilosula,Jumper ant,,,,,,
Myrmecia pilosula,Jumper ant,,,,,,
Neptunea polycostata,Wrinkled Neptune,,,,,,
Nicotiana tabacum,Tobacco,,,,,,
Nicotiana tabacum,Tobacco,,,,,,
Octopus vulgaris,Octopus,,,,,,
Olea europaea,Olive tree,,,,,,
Olea europaea,Olive tree,,,,,,
Olea europaea,Olive tree,,,,,,
Olea europaea,Olive tree,,,,,,
Olea europaea,Olive tree,,,,,,
Olea europaea,Olive tree,,,,,,
Olea europaea,Olive tree,,,,,,
Olea europaea,Olive tree,,,,,,
Olea europaea,Olive tree,,,,,,
Olea europaea,Olive tree,,,,,,
Olea europaea,Olive tree,,,,,,
Olea europaea,Olive tree,,,,,,
Olea europaea,Olive tree,,,,,,
Olea europaea,Olive tree,,,,,,
Olea europaea,Olive tree,,,,,,
Olea europaea,Olive tree,,,,,,
Olea europaea,Olive tree,,,,,,
Olea europaea,Olive tree,,,,,,
Olea europaea,Olive tree,,,,,,
Olea europaea,Olive tree,,,,,,
Olea europaea,Olive tree,,,,,,
Olea europaea,Olive tree,,,,,,
Olea europaea,Olive tree,,,,,,
Olea europaea,Olive tree,,,,,,
Olea europaea,Olive tree,,,,,,
Olea europaea,Olive tree,,,,,,
Olea europaea,Olive tree,,,,,,
Olea europaea,Olive tree,,,,,,
Olea europaea,Olive tree,,,,,,
Olea europaea,Olive tree,,,,,,
Olea europaea,Olive tree,,,,,,
Olea europaea,Olive tree,,,,,,
Olea europaea,Olive tree,,,,,,
Olea europaea,Olive tree,,,,,,
Olea europaea,Olive tree,,,,,,
Olea europaea,Olive tree,,,,,,
Olea europaea,Olive tree,,,,,,
Olea europaea,Olive tree,,,,,,
Olea europaea,Olive tree,,,,,,
Olea europaea,Olive tree,,,,,,
Olea europaea,Olive tree,,,,,,
Olea europaea,Olive tree,,,,,,
Olea europaea,Olive tree,,,,,,
Olea europaea,Olive tree,,,,,,
Olea europaea,Olive tree,,,,,,
Olea europaea,Olive tree,,,,,,
Olea europaea,Olive tree,,,,,,
Olea europaea,Olive tree,,,,,,
Olea europaea,Olive tree,,,,,,
Olea europaea,Olive tree,,,,,,
Olea europaea,Olive tree,,,,,,
Olea europaea,Olive tree,,,,,,
Olea europaea,Olive tree,,,,,,
Olea europaea,Olive tree,,,,,,
Olea europaea,Olive tree,,,,,,
Olea europaea,Olive tree,,,,,,
Olea europaea,Olive tree,,,,,,
Olea europaea,Olive tree,,,,,,
Olea europaea,Olive tree,,,,,,
Olea europaea,Olive tree,,,,,,
Olea europaea,Olive tree,,,,,,
Olea europaea,Olive tree,,,,,,
Olea europaea,Olive tree,,,,,,
Olea europaea,Olive tree,,,,,,
Olea europaea,Olive tree,,,,,,
Olea europaea,Olive tree,,,,,,
Olea europaea,Olive tree,,,,,,
Olea europaea,Olive tree,,,,,,
Olea europaea,Olive tree,,,,,,
Olea europaea,Olive tree,,,,,,
Olea europaea,Olive tree,,,,,,
Olea europaea,Olive tree,,,,,,
Olea europaea,Olive tree,,,,,,
Olea europaea,Olive tree,,,,,,
Olea europaea,Olive tree,,,,,,
Ommastrephes bartramii,red squid,,,,,,
Onchocerca volvulus,Parasitic nematode,,,,,,
Oncorhynchus keta,chum salmon,,,,,,
Oncorhynchus mykiss,rainbow trout,,,,,,
Oncorhynchus mykiss,rainbow trout,,,,,,
Oncorhynchus mykiss,rainbow trout,,,,,,
Oratosquilla oratoria,mantis shrimp,,,,,,
Oreochromis mossambicus,Mozambique tilapia,,,,,,
Oryctolagus cuniculus,European rabbit,,,,,,
Oryctolagus cuniculus,European rabbit,,,,,,
Oryctolagus cuniculus,European rabbit,,,,,,
Oryza sativa,Rice,,,,,,
Oryza sativa,Rice,,,,,,
Oryza sativa,Rice,,,,,,
Oryza sativa (japonica cultivar-group),Rice,,,,,,
Oryza sativa (japonica cultivar-group),Rice,,,,,,
Oryza sativa (japonica cultivar-group),Rice,,,,,,
Oryza sativa (japonica cultivar-group),Rice,,,,,,
Oryza sativa (japonica cultivar-group),Rice,,,,,,
Oryza sativa (japonica cultivar-group),Rice,,,,,,
Oryza sativa (japonica cultivar-group),Rice,,,,,,
Oryza sativa (japonica cultivar-group),Rice,,,,,,
Oryza sativa (japonica cultivar-group),Rice,,,,,,
Oryza sativa (japonica cultivar-group),Rice,,,,,,
Oryza sativa (japonica cultivar-group),Rice,,,,,,
Oryza sativa (japonica cultivar-group),Rice,,,,,,
Oryza sativa (japonica cultivar-group),Rice,,,,,,
Oryza sativa (japonica cultivar-group),Rice,,,,,,
Oryza sativa (japonica cultivar-group),Rice,,,,,,
Oryza sativa (japonica cultivar-group),Rice,,,,,,
Oryza sativa (japonica cultivar-group),Rice,,,,,,
Oryza sativa (japonica cultivar-group),Rice,,,,,,
Ostrya carpinifolia,European hop hornbeam,,,,,,
Pachycondyla chinensis,Asian needle ant,,,,,,
Pandalus borealis,caribean shrimp,,,,,,
Pangasianodon hypophthalmus,,,,,,,
Pangasianodon hypophthalmus,,,,,,,
Pangasianodon hypophthalmus,,,,,,,
Pangasianodon hypophthalmus,,,,,,,
Pangasianodon hypophthalmus,,,,,,,
Pangasianodon hypophthalmus,,,,,,,
Pangasianodon hypophthalmus,,,,,,,
Pangasianodon hypophthalmus,,,,,,,
Pangasianodon hypophthalmus,,,,,,,
Pangasianodon hypophthalmus,,,,,,,
Pangasianodon hypophthalmus,,,,,,,
Pangasianodon hypophthalmus,,,,,,,
Panulirus stimpsoni,Lobster,,,,,,
Paralithodes camtschaticus,Kamchatka crab,,,,,,
Paralithodes camtschaticus,Kamchatka crab,,,,,,
Parietaria judaica,Weed,,,,,,
Parietaria judaica,Weed,,,,,,
Parietaria judaica,Weed,,,,,,
Parietaria judaica,Weed,,,,,,
Parietaria judaica,Weed,,,,,,
Parietaria judaica,Weed,,,,,,
Parietaria judaica,Weed,,,,,,
Parietaria judaica,Weed,,,,,,
Parietaria judaica,Weed,,,,,,
Parietaria judaica,Weed,,,,,,
Parietaria judaica,Weed,,,,,,
Parietaria officinalis,Weed,,,,,,
Parietaria officinalis,Weed,,,,,,
Parietaria officinalis,Weed,,,,,,
Parietaria officinalis,Weed,,,,,,
Parietaria officinalis,Weed,,,,,,
Parietaria officinalis,Weed,,,,,,
Parietaria officinalis,Weed,,,,,,
Parietaria officinalis,Weed,,,,,,
Parthenium hysterophorus,,,,,,,
Paspalum notatum,Bahia grass,,,,,,
Paspalum notatum,Bahia grass,,,,,,
Paspalum notatum,Bahia grass,,,,,,
Paspalum notatum,Bahia grass,,,,,,
Paspalum notatum,Bahia grass,,,,,,
Paspalum notatum,Bahia grass,,,,,,
Paspalum notatum,Bahia grass,,,,,,
Paspalum notatum,Bahia grass,,,,,,
Paspalum notatum,Bahia grass,,,,,,
Penaeus monodon,Black tiger shrimp,,,,,,
Penaeus monodon,Black tiger shrimp,,,,,,
Penaeus monodon,Black tiger shrimp,,,,,,
Penaeus monodon,Black tiger shrimp,,,,,,
Penaeus monodon,Black tiger shrimp,,,,,,
Penaeus monodon,Black tiger shrimp,,,,,,
Penaeus monodon,Black tiger shrimp,,,,,,
Penicillium brevicompactum,Fungus,,,,,,
Penicillium chrysogenum,Fungus,,,,,,
Penicillium chrysogenum,Fungus,,,,,,
Penicillium chrysogenum,Fungus,,,,,,
Penicillium chrysogenum,Fungus,,,,,,
Penicillium chrysogenum,Fungus,,,,,,
Penicillium chrysogenum,Fungus,,,,,,
Penicillium citrinum,Fungus,,,,,,
Penicillium citrinum,Fungus,,,,,,
Penicillium citrinum,Fungus,,,,,,
Penicillium citrinum,Fungus,,,,,,
Penicillium citrinum,Fungus,,,,,,
Penicillium citrinum,Fungus,,,,,,
Penicillium citrinum,Fungus,,,,,,
Penicillium citrinum,Fungus,,,,,,
Penicillium citrinum,Fungus,,,,,,
Penicillium crustosum,Fungus,,,,,,
Penicillium oxalicum,Fungus,,,,,,
Periplaneta americana,American cockroach,,,,,,
Periplaneta americana,American cockroach,,,,,,
Periplaneta americana,American cockroach,,,,,,
Periplaneta americana,American cockroach,,,,,,
Periplaneta americana,American cockroach,,,,,,
Periplaneta americana,American cockroach,,,,,,
Periplaneta americana,American cockroach,,,,,,
Periplaneta americana,American cockroach,,,,,,
Periplaneta americana,American cockroach,,,,,,
Periplaneta americana,American cockroach,,,,,,
Periplaneta americana,American cockroach,,,,,,
Periplaneta americana,American cockroach,,,,,,
Periplaneta americana,American cockroach,,,,,,
Periplaneta americana,American cockroach,,,,,,
Periplaneta americana,American cockroach,,,,,,
Periplaneta americana,American cockroach,,,,,,
Periplaneta americana,American cockroach,,,,,,
Periplaneta americana,American cockroach,,,,,,
Periplaneta americana,American cockroach,,,,,,
Periplaneta americana,American cockroach,,,,,,
Periplaneta americana,American cockroach,,,,,,
Periplaneta americana,American cockroach,,,,,,
Periplaneta americana,American cockroach,,,,,,
Periplaneta americana,American cockroach,,,,,,
Periplaneta americana,American cockroach,,,,,,
Periplaneta americana,American cockroach,,,,,,
Periplaneta americana,American cockroach,,,,,,
Periplaneta americana,American cockroach,,,,,,
Periplaneta americana,American cockroach,,,,,,
Periplaneta americana,American cockroach,,,,,,
Periplaneta americana,American cockroach,,,,,,
Periplaneta americana,American cockroach,,,,,,
Periplaneta americana,American cockroach,,,,,,
Periplaneta americana,American cockroach,,,,,,
Periplaneta americana,American cockroach,,,,,,
Periplaneta americana,American cockroach,,,,,,
Periplaneta americana,American cockroach,,,,,,
Periplaneta americana,American cockroach,,,,,,
Periplaneta fuliginosa,Smokybrown cockroach,,,,,,
Perna viridis,Asian green mussell,,,,,,
Persea americana,Avocado,,,,,,
Petroselinum crispum,Parsley,,,,,,
Phalaris aquatica,Canary grass,,,,,,
Phalaris aquatica,Canary grass,,,,,,
Phalaris aquatica,Canary grass,,,,,,
Phalaris aquatica,Canary grass,,,,,,
Phalaris aquatica,Canary grass,,,,,,
Phalaris aquatica,Canary grass,,,,,,
Phaseolus vulgaris,Kidney bean,,,,,,
Phaseolus vulgaris,Kidney bean,,,,,,
Phleum pratense,Common timothy,,,,,,
Phleum pratense,Common timothy,,,,,,
Phleum pratense,Common timothy,,,,,,
Phleum pratense,Common timothy,,,,,,
Phleum pratense,Common timothy,,,,,,
Phleum pratense,Common timothy,,,,,,
Phleum pratense,Common timothy,,,,,,
Phleum pratense,Common timothy,,,,,,
Phleum pratense,Common timothy,,,,,,
Phleum pratense,Common timothy,,,,,,
Phleum pratense,Common timothy,,,,,,
Phleum pratense,Common timothy,,,,,,
Phleum pratense,Common timothy,,,,,,
Phleum pratense,Common timothy,,,,,,
Phleum pratense,Common timothy,,,,,,
Phleum pratense,Common timothy,,,,,,
Phleum pratense,Common timothy,,,,,,
Phleum pratense,Common timothy,,,,,,
Phleum pratense,Common timothy,,,,,,
Phleum pratense,Common timothy,,,,,,
Phleum pratense,Common timothy,,,,,,
Phleum pratense,Common timothy,,,,,,
Phleum pratense,Common timothy,,,,,,
Phleum pratense,Common timothy,,,,,,
Phleum pratense,Common timothy,,,,,,
Phleum pratense,Common timothy,,,,,,
Phleum pratense,Common timothy,,,,,,
Phleum pratense,Common timothy,,,,,,
Phleum pratense,Common timothy,,,,,,
Phleum pratense,Common timothy,,,,,,
Phleum pratense,Common timothy,,,,,,
Phleum pratense,Common timothy,,,,,,
Phleum pratense,Common timothy,,,,,,
Phleum pratense,Common timothy,,,,,,
Phleum pratense,Common timothy,,,,,,
Phleum pratense,Common timothy,,,,,,
Phleum pratense,Common timothy,,,,,,
Phleum pratense,Common timothy,,,,,,
Phleum pratense,Common timothy,,,,,,
Phleum pratense,Common timothy,,,,,,
Phleum pratense,Common timothy,,,,,,
Phleum pratense,Common timothy,,,,,,
Phleum pratense,Common timothy,,,,,,
Phleum pratense,Common timothy,,,,,,
Phleum pratense,Common timothy,,,,,,
Phleum pratense,Common timothy,,,,,,
Phleum pratense,Common timothy,,,,,,
Phleum pratense,Common timothy,,,,,,
Phleum pratense,Common timothy,,,,,,
Phleum pratense,Common timothy,,,,,,
Phleum pratense,Common timothy,,,,,,
Phleum pratense,Common timothy,,,,,,
Phleum pratense,Common timothy,,,,,,
Phleum pratense,Common timothy,,,,,,
Phleum pratense,Common timothy,,,,,,
Phleum pratense,Common timothy,,,,,,
Phleum pratense,Common timothy,,,,,,
Phleum pratense,Common timothy,,,,,,
Phleum pratense,Common timothy,,,,,,
Phleum pratense,Common timothy,,,,,,
Phleum pratense,Common timothy,,,,,,
Phleum pratense,Common timothy,,,,,,
Phleum pratense,Common timothy,,,,,,
Phleum pratense,Common timothy,,,,,,
Phleum pratense,Common timothy,,,,,,
Phleum pratense,Common timothy,,,,,,
Phleum pratense,Common timothy,,,,,,
Phleum pratense,Common timothy,,,,,,
Phleum pratense,Common timothy,,,,,,
Phleum pratense,Common timothy,,,,,,
Phodopus sungorus,Siberian hamster,,,,,,
Phoenix dactylifera,Date palm,,,,,,
Pinus koraiensis,,,,,,,
Pinus pinea,Pine,,,,,,
Pinus pinea,Pine,,,,,,
Pistacia vera,pistachio,,,,,,
Pistacia vera,pistachio,,,,,,
Pistacia vera,pistachio,,,,,,
Pistacia vera,pistachio,,,,,,
Pistacia vera,pistachio,,,,,,
Pistacia vera,pistachio,,,,,,
Pisum sativum,Pea,,,,,,
Pisum sativum,Pea,,,,,,
Pisum sativum,Pea,,,,,,
Pisum sativum,Pea,,,,,,
Pisum sativum,Pea,,,,,,
Pisum sativum,Pea,,,,,,
Pisum sativum,Pea,,,,,,
Plantago lanceolata,Narrow-leaved plantain,,,,,,
Plantago lanceolata,Narrow-leaved plantain,,,,,,
Plantago lanceolata,Narrow-leaved plantain,,,,,,
Plantago lanceolata,Narrow-leaved plantain,,,,,,
Platanus orientalis,oriental plane,,,,,,
Platanus orientalis,oriental plane,,,,,,
Platanus x acerifolia,London plane tree,,,,,,
Platanus x acerifolia,London plane tree,,,,,,
Platanus x acerifolia,London plane tree,,,,,,
Platanus x acerifolia,London plane tree,,,,,,
Platanus x acerifolia,London plane tree,,,,,,
Platanus x acerifolia,London plane tree,,,,,,
Plodia interpunctella,Indian meal moth,,,,,,
Plodia interpunctella,Indian meal moth,,,,,,
Poa pratensis,Kentucky bluegrass,,,,,,
Poa pratensis,Kentucky bluegrass,,,,,,
Poa pratensis,Kentucky bluegrass,,,,,,
Poa pratensis,Kentucky bluegrass,,,,,,
Poa pratensis,Kentucky bluegrass,,,,,,
Poa pratensis,Kentucky bluegrass,,,,,,
Poa pratensis,Kentucky bluegrass,,,,,,
Poa pratensis,Kentucky bluegrass,,,,,,
Polistes annularis,Paper wasp,,,,,,
Polistes annularis,Paper wasp,,,,,,
Polistes annularis,Paper wasp,,,,,,
Polistes dominula,,,,,,,
Polistes dominulus,Paper wasp,,,,,,
Polistes dominulus,Paper wasp,,,,,,
Polistes dominulus,Paper wasp,,,,,,
Polistes dominulus,Paper wasp,,,,,,
Polistes dominulus,Paper wasp,,,,,,
Polistes dominulus,Paper wasp,,,,,,
Polistes exclamans,Paper wasp,,,,,,
Polistes fuscatus,Paper wasp,,,,,,
Polistes gallicus,Paper wasp,,,,,,
Polistes gallicus,Paper wasp,,,,,,
Polybia paulista,wasp,,,,,,
Polybia paulista,wasp,,,,,,
Polybia paulista,wasp,,,,,,
Polybia paulista,wasp,,,,,,
Polybia paulista,wasp,,,,,,
Polybia paulista,wasp,,,,,,
Polybia scutellaris rioplatensis,Wasp,,,,,,
Pontastacus leptodactylus,Danube crayfish,,,,,,
Populus nigra,black poplar,,,,,,
Portunus pelagicus,blue swimmer crab,,,,,,
Portunus sanguinolentus,Crab,,,,,,
Portunus trituberculatus,Crab,,,,,,
Procambarus clarkii,red swamp crayfish,,,,,,
Procambarus clarkii,red swamp crayfish,,,,,,
Procambarus clarkii,red swamp crayfish,,,,,,
Procambarus clarkii,red swamp crayfish,,,,,,
Prosopis juliflora,mesquite,,,,,,
Prosopis juliflora,mesquite,,,,,,
Protortonia cacti,Arthropod,,,,,,
Prunus armeniaca,Apricot,,,,,,
Prunus armeniaca,Apricot,,,,,,
Prunus armeniaca,Apricot,,,,,,
Prunus armeniaca,Apricot,,,,,,
Prunus armeniaca,Apricot,,,,,,
Prunus armeniaca,Apricot,,,,,,
Prunus avium,Cherry,,,,,,
Prunus avium,Cherry,,,,,,
Prunus avium,Cherry,,,,,,
Prunus avium,Cherry,,,,,,
Prunus avium,Cherry,,,,,,
Prunus avium,Cherry,,,,,,
Prunus avium,Cherry,,,,,,
Prunus avium,Cherry,,,,,,
Prunus avium,Cherry,,,,,,
Prunus avium,Cherry,,,,,,
Prunus avium,Cherry,,,,,,
Prunus domestica,Plum,,,,,,
Prunus dulcis,Almond,,,,,,
Prunus dulcis,Almond,,,,,,
Prunus dulcis,Almond,,,,,,
Prunus dulcis,Almond,,,,,,
Prunus dulcis,Almond,,,,,,
Prunus dulcis,Almond,,,,,,
Prunus dulcis,Almond,,,,,,
Prunus dulcis,Almond,,,,,,
Prunus dulcis,Almond,,,,,,
Prunus dulcis,Almond,,,,,,
Prunus dulcis x Prunus persica,Plant hybrid,,,,,,
Prunus dulcis x Prunus persica,Plant hybrid,,,,,,
Prunus dulcis x Prunus persica,Plant hybrid,,,,,,
Prunus dulcis x Prunus persica,Plant hybrid,,,,,,
Prunus dulcis x Prunus persica,Plant hybrid,,,,,,
Prunus dulcis x Prunus persica,Plant hybrid,,,,,,
Prunus dulcis x Prunus persica,Plant hybrid,,,,,,
Prunus persica,Peach,,,,,,
Prunus persica,Peach,,,,,,
Prunus persica,Peach,,,,,,
Prunus persica,Peach,,,,,,
Prunus persica,Peach,,,,,,
Prunus persica,Peach,,,,,,
Prunus persica,Peach,,,,,,
Prunus persica,Peach,,,,,,
Prunus persica,Peach,,,,,,
Prunus persica,Peach,,,,,,
Prunus persica,Peach,,,,,,
Prunus persica,Peach,,,,,,
Prunus persica,Peach,,,,,,
Prunus persica,Peach,,,,,,
Pseudocardium sachalinensis,Mollusc,,,,,,
Punica granatum,Pomegranate,,,,,,
Punica granatum,Pomegranate,,,,,,
Punica granatum,Pomegranate,,,,,,
Punica granatum,Pomegranate,,,,,,
Punica granatum,Pomegranate,,,,,,
Pyrus communis,Pear,,,,,,
Pyrus communis,Pear,,,,,,
Pyrus communis,Pear,,,,,,
Pyrus communis,Pear,,,,,,
Pyrus communis,Pear,,,,,,
Pyrus communis,Pear,,,,,,
Pyrus communis,Pear,,,,,,
Quercus acutissima,,,,,,,
Quercus acutissima,,,,,,,
Quercus alba,Oak,,,,,,
Quercus alba,Oak,,,,,,
Quercus alba,Oak,,,,,,
Quercus ilex,holly oak,,,,,,
Quercus mongolica,,,,,,,
Rana esculenta,Frog,,,,,,
Rana esculenta,Frog,,,,,,
Rana sp. CH-2001,Frog,,,,,,
Rana sp. CH-2001,Frog,,,,,,
Rapana venosa,,,,,,,
Rastrelliger kanagurta,,,,,,,
Rattus norvegicus,Rat,,,,,,
Rattus norvegicus,Rat,,,,,,
Rattus norvegicus,Rat,,,,,,
Rhizopus oryzae,Fungus,,,,,,
Rhizopus oryzae,Fungus,,,,,,
Rhodotorula mucilaginosa,Fungus,,,,,,
Rhodotorula mucilaginosa,Fungus,,,,,,
Ricinus communis,Castor bean,,,,,,
Rubus idaeus,raspberry,,,,,,
Rubus idaeus,raspberry,,,,,,
Saccostrea glomerata,,,,,,,
Salmo salar,Salmon,,,,,,
Salmo salar,Salmon,,,,,,
Salmo salar,Salmon,,,,,,
Salmo salar,Salmon,,,,,,
Salmo salar,Salmon,,,,,,
Salmo salar,Salmon,,,,,,
Salmo salar,Salmon,,,,,,
Salmo salar,Salmon,,,,,,
Salmo salar,Salmon,,,,,,
Salmo salar,Salmon,,,,,,
Salmo salar,Salmon,,,,,,
Salmo salar,Salmon,,,,,,
Salmo salar,Salmon,,,,,,
Salmo salar,Salmon,,,,,,
Salsola kali,Thistle,,,,,,
Salsola kali,Thistle,,,,,,
Salsola kali,Thistle,,,,,,
Salsola kali,Thistle,,,,,,
Salsola kali,Thistle,,,,,,
Salsola kali,Thistle,,,,,,
Salsola kali,Thistle,,,,,,
Salsola kali,Thistle,,,,,,
Salsola kali,Thistle,,,,,,
Salsola kali,Thistle,,,,,,
Salsola kali,Thistle,,,,,,
Salsola kali,Thistle,,,,,,
Salvelinus fontinalis,Brook trout,,,,,,
Salvelinus fontinalis,Brook trout,,,,,,
Sarcoptes scabiei,mite,,,,,,
Sarcoptes scabiei type hominis,Scabies mite,,,,,,
Sarcoptes scabiei type hominis,Scabies mite,,,,,,
Sarcoptes scabiei type hominis,Scabies mite,,,,,,
Sarcoptes scabiei type hominis,Scabies mite,,,,,,
Sarcoptes scabiei type hominis,Scabies mite,,,,,,
Sarcoptes scabiei type hominis,Scabies mite,,,,,,
Sarcoptes scabiei type hominis,Scabies mite,,,,,,
Sarcoptes scabiei type suis,Scabies mite,,,,,,
Sardinops sagax,South American pilchard,,,,,,
Scapharca broughtonii,Clam,,,,,,
Schedonorus arundinaceus,Tall fescue,,,,,,
Schedonorus arundinaceus,Tall fescue,,,,,,
Schedonorus arundinaceus,Tall fescue,,,,,,
Schistosoma japonicum,Schistosoma,,,,,,
Schistosoma japonicum,Schistosoma,,,,,,
Schizophyllum commune H4-8,Mushroom,,,,,,
Scolopendra subspinipes,,,,,,,
Scomber japonicus,Chub mackerel,,,,,,
Scomber scombrus,Atlantic mackerel,,,,,,
Scylla paramamosain,green mud crab,,,,,,
Scylla paramamosain,green mud crab,,,,,,
Scylla paramamosain,green mud crab,,,,,,
Scylla paramamosain,green mud crab,,,,,,
Scylla paramamosain,green mud crab,,,,,,
Scylla paramamosain,green mud crab,,,,,,
Scylla serrata,giant mud crab,,,,,,
Scylla serrata,giant mud crab,,,,,,
Sebastes marinus,ocean perch (red fish),,,,,,
Sebastes marinus,ocean perch (red fish),,,,,,
Secale cereale,Rye,,,,,,
Secale cereale,Rye,,,,,,
Secale cereale,Rye,,,,,,
Secale cereale,Rye,,,,,,
Secale cereale,Rye,,,,,,
Secale cereale,Rye,,,,,,
Secale cereale,Rye,,,,,,
Sepia esculenta,cuttlefish,,,,,,
Sepioteuthis lessoniana,bigfin reef squid,,,,,,
Sesamum indicum,Sesame,,,,,,
Sesamum indicum,Sesame,,,,,,
Sesamum indicum,Sesame,,,,,,
Sesamum indicum,Sesame,,,,,,
Sesamum indicum,Sesame,,,,,,
Sesamum indicum,Sesame,,,,,,
Sesamum indicum,Sesame,,,,,,
Sesamum indicum,Sesame,,,,,,
Sesamum indicum,Sesame,,,,,,
Sesamum indicum,Sesame,,,,,,
Simulium vittatum,black fly,,,,,,
Simulium vittatum,black fly,,,,,,
Sinapis alba,White mustard,,,,,,
Sinapis alba,White mustard,,,,,,
Sinapis alba,White mustard,,,,,,
Sinapis alba,White mustard,,,,,,
Sinapis alba,White mustard,,,,,,
Sinapis alba,White mustard,,,,,,
Sinapis alba,White mustard,,,,,,
Sinapis alba,White mustard,,,,,,
Sinapis alba,White mustard,,,,,,
Sinapis alba,White mustard,,,,,,
Sinonovacula constricta,Chinese razor clam,,,,,,
Solanum lycopersicum (Lycopersicon esculentum),Tomato,,,,,,
Solanum lycopersicum (Lycopersicon esculentum),Tomato,,,,,,
Solanum lycopersicum (Lycopersicon esculentum),Tomato,,,,,,
Solanum lycopersicum (Lycopersicon esculentum),Tomato,,,,,,
Solanum lycopersicum (Lycopersicon esculentum),Tomato,,,,,,
Solanum lycopersicum (Lycopersicon esculentum),Tomato,,,,,,
Solanum lycopersicum (Lycopersicon esculentum),Tomato,,,,,,
Solanum lycopersicum (Lycopersicon esculentum),Tomato,,,,,,
Solanum lycopersicum (Lycopersicon esculentum),Tomato,,,,,,
Solanum lycopersicum (Lycopersicon esculentum),Tomato,,,,,,
Solanum lycopersicum (Lycopersicon esculentum),Tomato,,,,,,
Solanum melongena,Eggplant,,,,,,
Solanum tuberosum,Potato,,,,,,
Solanum tuberosum,Potato,,,,,,
Solanum tuberosum,Potato,,,,,,
Solanum tuberosum,Potato,,,,,,
Solanum tuberosum,Potato,,,,,,
Solanum tuberosum,Potato,,,,,,
Solanum tuberosum,Potato,,,,,,
Solanum tuberosum,Potato,,,,,,
Solanum tuberosum,Potato,,,,,,
Solanum tuberosum,Potato,,,,,,
Solanum tuberosum,Potato,,,,,,
Solen strictus,Gould's razor shell,,,,,,
Solenopsis geminata,Tropical Fire Ant,,,,,,
Solenopsis geminata,Tropical Fire Ant,,,,,,
Solenopsis invicta,Red fire ant,,,,,,
Solenopsis invicta,Red fire ant,,,,,,
Solenopsis invicta,Red fire ant,,,,,,
Solenopsis invicta,Red fire ant,,,,,,
Solenopsis invicta,Red fire ant,,,,,,
Solenopsis invicta,Red fire ant,,,,,,
Solenopsis invicta,Red fire ant,,,,,,
Solenopsis invicta,Red fire ant,,,,,,
Solenopsis invicta,Red fire ant,,,,,,
Solenopsis richteri,Black fire ant,,,,,,
Solenopsis richteri,Black fire ant,,,,,,
Solenopsis saevissima,Brazilian fire ant,,,,,,
Sorghum halepense,Johnson grass,,,,,,
Sorghum halepense,Johnson grass,,,,,,
Sorghum halepense,Johnson grass,,,,,,
Sorghum halepense,Johnson grass,,,,,,
Sorghum halepense,Johnson grass,,,,,,
Sorghum halepense,Johnson grass,,,,,,
Staphylococcus aureus,Bacteria,,,,,,
Staphylococcus aureus,Bacteria,,,,,,
Staphylococcus aureus,Bacteria,,,,,,
Staphylococcus aureus,Bacteria,,,,,,
Staphylococcus aureus,Bacteria,,,,,,
Stemphylium callistephi,Fungus,,,,,,
Stemphylium sp. CID1012,Fungus,,,,,,
Stemphylium vesicarium,Fungus,,,,,,
Strongyloides stercoralis,Parasitic nematode,,,,,,
Suidasia medanensis,Mite,,,,,,
Sus scrofa,Pig,,,,,,
Sus scrofa,Pig,,,,,,
Sus scrofa,Pig,,,,,,
Syringa vulgaris,Lilac,,,,,,
Syringa vulgaris,Lilac,,,,,,
Syringa vulgaris,Lilac,,,,,,
Syringa vulgaris,Lilac,,,,,,
Tabanus yao,Horse Fly,,,,,,
Tabanus yao,Horse Fly,,,,,,
Tabanus yao,Horse Fly,,,,,,
Tenebrio molitor,Yellow mealworm,,,,,,
Thaumetopoea pityocampa,Pine moth,,,,,,
Thaumetopoea pityocampa,Pine moth,,,,,,
Thaumetopoea pityocampa,Pine moth,,,,,,
Thaumetopoea solitaria,,,,,,,
Theragra chalcogramma,Alaska pollock,,,,,,
Theragra chalcogramma,Alaska pollock,,,,,,
Thunnus albacares,Yellowfin tuna,,,,,,
Thunnus albacares,Yellowfin tuna,,,,,,
Thunnus albacares,Yellowfin tuna,,,,,,
Thunnus albacares,Yellowfin tuna,,,,,,
Todarodes pacificus,Japanese flying squid,,,,,,
Trachurus japonicus,Japanese horse mackerel,,,,,,
Tresus keenae,clam,,,,,,
Triatoma protracta,Western conenose,,,,,,
Trichophyton rubrum,Fungus,,,,,,
Trichophyton rubrum,Fungus,,,,,,
Trichophyton schoenleinii,Fungus,,,,,,
Trichophyton schoenleinii,Fungus,,,,,,
Triticum aestivum,Wheat,,,,,,
Triticum aestivum,Wheat,,,,,,
Triticum aestivum,Wheat,,,,,,
Triticum aestivum,Wheat,,,,,,
Triticum aestivum,Wheat,,,,,,
Triticum aestivum,Wheat,,,,,,
Triticum aestivum,Wheat,,,,,,
Triticum aestivum,Wheat,,,,,,
Triticum aestivum,Wheat,,,,,,
Triticum aestivum,Wheat,,,,,,
Triticum aestivum,Wheat,,,,,,
Triticum aestivum,Wheat,,,,,,
Triticum aestivum,Wheat,,,,,,
Triticum aestivum,Wheat,,,,,,
Triticum aestivum,Wheat,,,,,,
Triticum aestivum,Wheat,,,,,,
Triticum aestivum,Wheat,,,,,,
Triticum aestivum,Wheat,,,,,,
Triticum aestivum,Wheat,,,,,,
Triticum aestivum,Wheat,,,,,,
Triticum aestivum,Wheat,,,,,,
Triticum aestivum,Wheat,,,,,,
Triticum aestivum,Wheat,,,,,,
Triticum aestivum,Wheat,,,,,,
Triticum aestivum,Wheat,,,,,,
Triticum aestivum,Wheat,,,,,,
Triticum aestivum,Wheat,,,,,,
Triticum aestivum,Wheat,,,,,,
Triticum aestivum,Wheat,,,,,,
Triticum aestivum,Wheat,,,,,,
Triticum aestivum,Wheat,,,,,,
Triticum aestivum,Wheat,,,,,,
Triticum aestivum,Wheat,,,,,,
Triticum aestivum,Wheat,,,,,,
Triticum aestivum,Wheat,,,,,,
Triticum aestivum,Wheat,,,,,,
Triticum aestivum,Wheat,,,,,,
Triticum aestivum,Wheat,,,,,,
Triticum aestivum,Wheat,,,,,,
Triticum aestivum,Wheat,,,,,,
Triticum aestivum,Wheat,,,,,,
Triticum aestivum,Wheat,,,,,,
Triticum aestivum,Wheat,,,,,,
Triticum aestivum,Wheat,,,,,,
Triticum aestivum,Wheat,,,,,,
Triticum aestivum,Wheat,,,,,,
Triticum aestivum,Wheat,,,,,,
Triticum aestivum,Wheat,,,,,,
Triticum aestivum,Wheat,,,,,,
Triticum aestivum,Wheat,,,,,,
Triticum aestivum,Wheat,,,,,,
Triticum aestivum,Wheat,,,,,,
Triticum aestivum,Wheat,,,,,,
Triticum aestivum,Wheat,,,,,,
Triticum aestivum,Wheat,,,,,,
Triticum aestivum,Wheat,,,,,,
Triticum aestivum,Wheat,,,,,,
Triticum aestivum,Wheat,,,,,,
Triticum aestivum,Wheat,,,,,,
Triticum aestivum,Wheat,,,,,,
Triticum aestivum,Wheat,,,,,,
Triticum aestivum,Wheat,,,,,,
Triticum aestivum,Wheat,,,,,,
Triticum aestivum,Wheat,,,,,,
Triticum aestivum,Wheat,,,,,,
Triticum aestivum,Wheat,,,,,,
Triticum aestivum,Wheat,,,,,,
Triticum aestivum,Wheat,,,,,,
Triticum aestivum,Wheat,,,,,,
Triticum aestivum,Wheat,,,,,,
Triticum aestivum,Wheat,,,,,,
Triticum aestivum,Wheat,,,,,,
Triticum aestivum,Wheat,,,,,,
Triticum aestivum,Wheat,,,,,,
Triticum aestivum,Wheat,,,,,,
Triticum aestivum,Wheat,,,,,,
Triticum aestivum,Wheat,,,,,,
Triticum aestivum,Wheat,,,,,,
Triticum aestivum,Wheat,,,,,,
Triticum aestivum,Wheat,,,,,,
Triticum aestivum,Wheat,,,,,,
Triticum aestivum,Wheat,,,,,,
Triticum aestivum,Wheat,,,,,,
Triticum aestivum,Wheat,,,,,,
Triticum aestivum,Wheat,,,,,,
Triticum aestivum,Wheat,,,,,,
Triticum aestivum,Wheat,,,,,,
Triticum aestivum,Wheat,,,,,,
Triticum aestivum,Wheat,,,,,,
Triticum aestivum,Wheat,,,,,,
Triticum aestivum,Wheat,,,,,,
Triticum monococcum subsp. aegilopoides,,,,,,,
Triticum turgidum subsp. durum,Wheat,,,,,,
Triticum turgidum subsp. durum,Wheat,,,,,,
Triticum turgidum subsp. durum,Wheat,,,,,,
Triticum turgidum subsp. durum,Wheat,,,,,,
Triticum urartu,Wheat,,,,,,
Tyrophagus putrescentiae,Dust mite,,,,,,
Tyrophagus putrescentiae,Dust mite,,,,,,
Tyrophagus putrescentiae,Dust mite,,,,,,
Tyrophagus putrescentiae,Dust mite,,,,,,
Tyrophagus putrescentiae,Dust mite,,,,,,
Tyrophagus putrescentiae,Dust mite,,,,,,
Tyrophagus putrescentiae,Dust mite,,,,,,
Tyrophagus putrescentiae,Dust mite,,,,,,
Tyrophagus putrescentiae,Dust mite,,,,,,
Tyrophagus putrescentiae,Dust mite,,,,,,
Tyrophagus putrescentiae,Dust mite,,,,,,
Tyrophagus putrescentiae,Dust mite,,,,,,
Tyrophagus putrescentiae,Dust mite,,,,,,
Tyrophagus putrescentiae,Dust mite,,,,,,
Tyrophagus putrescentiae,Dust mite,,,,,,
Tyrophagus putrescentiae,Dust mite,,,,,,
Tyrophagus putrescentiae,Dust mite,,,,,,
Tyrophagus putrescentiae,Dust mite,,,,,,
Tyrophagus putrescentiae,Dust mite,,,,,,
Tyrophagus putrescentiae,Dust mite,,,,,,
Tyrophagus putrescentiae,Dust mite,,,,,,
Ulocladium alternariae,Fungus,,,,,,
Ulocladium atrum,Fungus,,,,,,
Ulocladium capsicum,,,,,,,
Ulocladium chartarum,Fungus,,,,,,
Ulocladium dauci,,,,,,,
Ulocladium microsporum,,,,,,,
Ulocladium oudemansii,,,,,,,
Ulocladium oudemansii,,,,,,,
Ulocladium sp. CID262,,,,,,,
Ulocladium sp. CID598,,,,,,,
Ulocladium sp. CID68,,,,,,,
Ulocladium sp. HSAUP1144,,,,,,,
Ulocladium sp. XGZ-2008,,,,,,,
Ulocladium sp. XGZ-2011a,,,,,,,
Urochloa mutica,,,,,,,
Vachellia farnesiana,,,,,,,
Vachellia farnesiana,,,,,,,
Venerupis philippinarum,Clam,,,,,,
Vespa affinis,Lesser banded hornet,,,,,,
Vespa affinis,Lesser banded hornet,,,,,,
Vespa crabro,European hornet,,,,,,
Vespa crabro,European hornet,,,,,,
Vespa crabro,European hornet,,,,,,
Vespa magnifica,Hornet,,,,,,
Vespa magnifica,Hornet,,,,,,
Vespa mandarinia,Wasp,,,,,,
Vespa velutina,,,,,,,
Vespa velutina,,,,,,,
Vespula flavopilosa,Wasp,,,,,,
Vespula germanica,Wasp,,,,,,
Vespula germanica,Wasp,,,,,,
Vespula germanica,Wasp,,,,,,
Vespula germanica,Wasp,,,,,,
Vespula germanica,Wasp,,,,,,
Vespula maculifrons,Wasp,,,,,,
Vespula maculifrons,Wasp,,,,,,
Vespula maculifrons,Wasp,,,,,,
Vespula maculifrons,Wasp,,,,,,
Vespula pensylvanica,Wasp,,,,,,
Vespula squamosa,Wasp,,,,,,
Vespula squamosa,Wasp,,,,,,
Vespula vidua,Wasp,,,,,,
Vespula vulgaris,Wasp,,,,,,
Vespula vulgaris,Wasp,,,,,,
Vespula vulgaris,Wasp,,,,,,
Vespula vulgaris,Wasp,,,,,,
Vespula vulgaris,Wasp,,,,,,
Vespula vulgaris,Wasp,,,,,,
Vespula vulgaris,Wasp,,,,,,
Vespula vulgaris,Wasp,,,,,,
Vigna radiata,mung bean,,,,,,
Vigna radiata,mung bean,,,,,,
Vigna radiata,mung bean,,,,,,
Vigna radiata,mung bean,,,,,,
Vigna radiata var. radiata,mung bean,,,,,,
Vitis sp.,Grape,,,,,,
Vitis sp.,Grape,,,,,,
Vitis sp.,Grape,,,,,,
Xiphias gladius,Swordfish,,,,,,
Zea mays,Corn,,,,,,
Zea mays,Corn,,,,,,
Zea mays,Corn,,,,,,
Zea mays,Corn,,,,,,
Zea mays,Corn,,,,,,
Zea mays,Corn,,,,,,
Zea mays,Corn,,,,,,
Zea mays,Corn,,,,,,
Zea mays,Corn,,,,,,
Zea mays,Corn,,,,,,
Zea mays,Corn,,,,,,
Zea mays,Corn,,,,,,
Zea mays,Corn,,,,,,
Zea mays,Corn,,,,,,
Zea mays,Corn,,,,,,
Zea mays,Corn,,,,,,
Zea mays,Corn,,,,,,
Zea mays,Corn,,,,,,
Zea mays,Corn,,,,,,
Zea mays,Corn,,,,,,
Zea mays,Corn,,,,,,
Zea mays,Corn,,,,,,
Zea mays,Corn,,,,,,
Zea mays,Corn,,,,,,
Zea mays,Corn,,,,,,
Zea mays,Corn,,,,,,
Zea mays,Corn,,,,,,
Zea mays,Corn,,,,,,
Zea mays,Corn,,,,,,
Zea mays,Corn,,,,,,
Zea mays,Corn,,,,,,
Ziziphus mauritiana,Chinese-date
